-- phpMyAdmin SQL Dump
-- version 5.2.0
-- https://www.phpmyadmin.net/
--
-- Máy chủ: localhost:8889
-- Thời gian đã tạo: Th5 03, 2024 lúc 12:35 PM
-- Phiên bản máy phục vụ: 5.7.39
-- Phiên bản PHP: 7.4.33

SET SQL_MODE = "NO_AUTO_VALUE_ON_ZERO";
START TRANSACTION;
SET time_zone = "+00:00";


/*!40101 SET @OLD_CHARACTER_SET_CLIENT=@@CHARACTER_SET_CLIENT */;
/*!40101 SET @OLD_CHARACTER_SET_RESULTS=@@CHARACTER_SET_RESULTS */;
/*!40101 SET @OLD_COLLATION_CONNECTION=@@COLLATION_CONNECTION */;
/*!40101 SET NAMES utf8mb4 */;

--
-- Cơ sở dữ liệu: `n-laravel`
--

-- --------------------------------------------------------

--
-- Cấu trúc bảng cho bảng `carts`
--

CREATE TABLE `carts` (
  `id` bigint(20) UNSIGNED NOT NULL,
  `customer_id` bigint(20) UNSIGNED NOT NULL,
  `product_id` int(11) NOT NULL,
  `qty` int(11) NOT NULL,
  `price` int(11) NOT NULL,
  `created_at` timestamp NULL DEFAULT NULL,
  `updated_at` timestamp NULL DEFAULT NULL
) ENGINE=InnoDB DEFAULT CHARSET=utf8mb4 COLLATE=utf8mb4_unicode_ci;

--
-- Đang đổ dữ liệu cho bảng `carts`
--

INSERT INTO `carts` (`id`, `customer_id`, `product_id`, `qty`, `price`, `created_at`, `updated_at`) VALUES
(9, 22, 18, 10, 115000, NULL, NULL),
(10, 23, 18, 1, 115000, NULL, NULL),
(11, 24, 18, 5, 115000, NULL, NULL),
(12, 25, 19, 1, 150000, NULL, NULL),
(13, 26, 19, 1, 150000, NULL, NULL),
(14, 27, 12, 5, 3000, NULL, NULL),
(15, 28, 17, 1, 50000, NULL, NULL),
(16, 29, 18, 1, 115000, NULL, NULL),
(17, 30, 19, 1, 150000, NULL, NULL),
(18, 31, 21, 1, 17000, NULL, NULL),
(19, 32, 21, 5, 17000, NULL, NULL),
(20, 33, 17, 1, 50000, NULL, NULL),
(21, 33, 21, 1, 17000, NULL, NULL);

-- --------------------------------------------------------

--
-- Cấu trúc bảng cho bảng `customers`
--

CREATE TABLE `customers` (
  `id` bigint(20) UNSIGNED NOT NULL,
  `name` varchar(255) COLLATE utf8mb4_unicode_ci NOT NULL,
  `phone` varchar(255) COLLATE utf8mb4_unicode_ci NOT NULL,
  `address` varchar(255) COLLATE utf8mb4_unicode_ci NOT NULL,
  `email` varchar(255) COLLATE utf8mb4_unicode_ci NOT NULL,
  `content` text COLLATE utf8mb4_unicode_ci NOT NULL,
  `created_at` timestamp NULL DEFAULT NULL,
  `updated_at` timestamp NULL DEFAULT NULL
) ENGINE=InnoDB DEFAULT CHARSET=utf8mb4 COLLATE=utf8mb4_unicode_ci;

--
-- Đang đổ dữ liệu cho bảng `customers`
--

INSERT INTO `customers` (`id`, `name`, `phone`, `address`, `email`, `content`, `created_at`, `updated_at`) VALUES
(22, 'Nguyễn Hiệp Lợi', '0333421848', 'Ấp Thanh Thủy, Định Thủy, Mỏ Cày Nam, Bến Tre', 'loinguyen@hbc.com.vn', 'giao hàng', '2024-04-24 23:46:03', '2024-04-24 23:46:03'),
(23, 'Nguyễn Hiệp Lợi', '0333421848', 'Ấp Thanh Thủy, Định Thủy, Mỏ Cày Nam, Bến Tre', 'nguyenhieploi2001zzzz@gmail.com', 'dsadas', '2024-04-24 23:47:38', '2024-04-24 23:47:38'),
(24, 'Nguyễn Hiệp Lợi', '0333421848', 'Ấp Thanh Thủy, Định Thủy, Mỏ Cày Nam, Bến Tre', 'nguyenhieploi2dsadas001@gmail.com', 'dsadas', '2024-04-24 23:49:04', '2024-04-24 23:49:04'),
(25, 'Nguyễn Hiệp Lợi', '0333421848', 'Ấp Thanh Thủy, Định Thủy, Mỏ Cày Nam, Bến Tre', 'nguyenhieploizz2001@gmail.comzz', 'cds', '2024-04-24 23:50:21', '2024-04-24 23:50:21'),
(26, 'Nguyễn Hiệp Lợi', '0333421848', 'Ấp Thanh Thủy, Định Thủy, Mỏ Cày Nam, Bến Tre', 'nguyenhieploi2001@gmail.com', 'lplp', '2024-04-24 23:52:29', '2024-04-24 23:52:29'),
(27, 'Nguyễn Hiệp Lợi', '0333421848', 'Ấp Thanh Thủy, Định Thủy, Mỏ Cày Nam, Bến Tre', 'nguyenhieploi2001zzz@gmail.com', 'dsdsa', '2024-04-24 23:54:35', '2024-04-24 23:54:35'),
(28, 'Nguyễn Hiệp Lợi', '0333421848', 'Ấp Thanh Thủy, Định Thủy, Mỏ Cày Nam, Bến Tre', 'nguyenhieploi2001@gmail.com', 'dsadsadasdsa', '2024-04-24 23:56:28', '2024-04-24 23:56:28'),
(29, 'Nguyễn Hiệp Lợi', '0333421848', 'Ấp Thanh Thủy, Định Thủy, Mỏ Cày Nam, Bến Tre', 'nguyenhieploi2001@gmail.com', 'dsa', '2024-04-25 00:05:46', '2024-04-25 00:05:46'),
(30, 'Nguyễn Hiệp Lợi', '0333421848', 'Ấp Thanh Thủy, Định Thủy, Mỏ Cày Nam, Bến Tre', 'nguyenhieploi2001@gmail.com', '123', '2024-04-25 00:07:27', '2024-04-25 00:07:27'),
(31, 'Nguyễn Hiệp Lợi', '0333421848', 'Ấp Thanh Thủy, Định Thủy, Mỏ Cày Nam, Bến Tre', 'nguyenhieploi2001@gmail.com', 'ok', '2024-04-25 01:35:43', '2024-04-25 01:35:43'),
(32, 'Nguyễn Hiệp Lợi', '0333421848', 'Ấp Thanh Thủy, Định Thủy, Mỏ Cày Nam, Bến Tre', 'nguyenhieploi2001@gmail.com', 'iiii', '2024-05-02 05:04:23', '2024-05-02 05:04:23'),
(33, 'Nguyễn Hiệp Lợi', '0333421848', 'Ấp Thanh Thủy, Định Thủy, Mỏ Cày Nam, Bến Tre', 'nguyenhieploi2001@gmail.com', 'abcdsfds', '2024-05-02 06:25:40', '2024-05-02 06:25:40');

-- --------------------------------------------------------

--
-- Cấu trúc bảng cho bảng `failed_jobs`
--

CREATE TABLE `failed_jobs` (
  `id` bigint(20) UNSIGNED NOT NULL,
  `uuid` varchar(191) COLLATE utf8mb4_unicode_ci NOT NULL,
  `connection` text COLLATE utf8mb4_unicode_ci NOT NULL,
  `queue` text COLLATE utf8mb4_unicode_ci NOT NULL,
  `payload` longtext COLLATE utf8mb4_unicode_ci NOT NULL,
  `exception` longtext COLLATE utf8mb4_unicode_ci NOT NULL,
  `failed_at` timestamp NOT NULL DEFAULT CURRENT_TIMESTAMP
) ENGINE=MyISAM DEFAULT CHARSET=utf8mb4 COLLATE=utf8mb4_unicode_ci;

--
-- Đang đổ dữ liệu cho bảng `failed_jobs`
--

INSERT INTO `failed_jobs` (`id`, `uuid`, `connection`, `queue`, `payload`, `exception`, `failed_at`) VALUES
(1, '69e27b42-a87a-4a6a-83ad-6c323bd45e0d', 'database', 'default', '{\"uuid\":\"69e27b42-a87a-4a6a-83ad-6c323bd45e0d\",\"displayName\":\"App\\\\Jobs\\\\SendMail\",\"job\":\"Illuminate\\\\Queue\\\\CallQueuedHandler@call\",\"maxTries\":null,\"maxExceptions\":null,\"failOnTimeout\":false,\"backoff\":null,\"timeout\":null,\"retryUntil\":null,\"data\":{\"commandName\":\"App\\\\Jobs\\\\SendMail\",\"command\":\"O:17:\\\"App\\\\Jobs\\\\SendMail\\\":11:{s:8:\\\"\\u0000*\\u0000email\\\";s:20:\\\"loinguyen@hbc.com.vn\\\";s:3:\\\"job\\\";N;s:10:\\\"connection\\\";N;s:5:\\\"queue\\\";N;s:15:\\\"chainConnection\\\";N;s:10:\\\"chainQueue\\\";N;s:19:\\\"chainCatchCallbacks\\\";N;s:5:\\\"delay\\\";O:25:\\\"Illuminate\\\\Support\\\\Carbon\\\":3:{s:4:\\\"date\\\";s:26:\\\"2024-04-25 06:46:05.841993\\\";s:13:\\\"timezone_type\\\";i:3;s:8:\\\"timezone\\\";s:3:\\\"UTC\\\";}s:11:\\\"afterCommit\\\";N;s:10:\\\"middleware\\\";a:0:{}s:7:\\\"chained\\\";a:0:{}}\"}}', 'Error: Class \"App\\Jobs\\Mail\" not found in /Applications/MAMP/htdocs/-n-laravel/app/Jobs/SendMail.php:34\nStack trace:\n#0 /Applications/MAMP/htdocs/-n-laravel/vendor/laravel/framework/src/Illuminate/Container/BoundMethod.php(36): App\\Jobs\\SendMail->handle()\n#1 /Applications/MAMP/htdocs/-n-laravel/vendor/laravel/framework/src/Illuminate/Container/Util.php(40): Illuminate\\Container\\BoundMethod::Illuminate\\Container\\{closure}()\n#2 /Applications/MAMP/htdocs/-n-laravel/vendor/laravel/framework/src/Illuminate/Container/BoundMethod.php(93): Illuminate\\Container\\Util::unwrapIfClosure(Object(Closure))\n#3 /Applications/MAMP/htdocs/-n-laravel/vendor/laravel/framework/src/Illuminate/Container/BoundMethod.php(35): Illuminate\\Container\\BoundMethod::callBoundMethod(Object(Illuminate\\Foundation\\Application), Array, Object(Closure))\n#4 /Applications/MAMP/htdocs/-n-laravel/vendor/laravel/framework/src/Illuminate/Container/Container.php(653): Illuminate\\Container\\BoundMethod::call(Object(Illuminate\\Foundation\\Application), Array, Array, NULL)\n#5 /Applications/MAMP/htdocs/-n-laravel/vendor/laravel/framework/src/Illuminate/Bus/Dispatcher.php(128): Illuminate\\Container\\Container->call(Array)\n#6 /Applications/MAMP/htdocs/-n-laravel/vendor/laravel/framework/src/Illuminate/Pipeline/Pipeline.php(128): Illuminate\\Bus\\Dispatcher->Illuminate\\Bus\\{closure}(Object(App\\Jobs\\SendMail))\n#7 /Applications/MAMP/htdocs/-n-laravel/vendor/laravel/framework/src/Illuminate/Pipeline/Pipeline.php(103): Illuminate\\Pipeline\\Pipeline->Illuminate\\Pipeline\\{closure}(Object(App\\Jobs\\SendMail))\n#8 /Applications/MAMP/htdocs/-n-laravel/vendor/laravel/framework/src/Illuminate/Bus/Dispatcher.php(132): Illuminate\\Pipeline\\Pipeline->then(Object(Closure))\n#9 /Applications/MAMP/htdocs/-n-laravel/vendor/laravel/framework/src/Illuminate/Queue/CallQueuedHandler.php(119): Illuminate\\Bus\\Dispatcher->dispatchNow(Object(App\\Jobs\\SendMail), false)\n#10 /Applications/MAMP/htdocs/-n-laravel/vendor/laravel/framework/src/Illuminate/Pipeline/Pipeline.php(128): Illuminate\\Queue\\CallQueuedHandler->Illuminate\\Queue\\{closure}(Object(App\\Jobs\\SendMail))\n#11 /Applications/MAMP/htdocs/-n-laravel/vendor/laravel/framework/src/Illuminate/Pipeline/Pipeline.php(103): Illuminate\\Pipeline\\Pipeline->Illuminate\\Pipeline\\{closure}(Object(App\\Jobs\\SendMail))\n#12 /Applications/MAMP/htdocs/-n-laravel/vendor/laravel/framework/src/Illuminate/Queue/CallQueuedHandler.php(118): Illuminate\\Pipeline\\Pipeline->then(Object(Closure))\n#13 /Applications/MAMP/htdocs/-n-laravel/vendor/laravel/framework/src/Illuminate/Queue/CallQueuedHandler.php(70): Illuminate\\Queue\\CallQueuedHandler->dispatchThroughMiddleware(Object(Illuminate\\Queue\\Jobs\\DatabaseJob), Object(App\\Jobs\\SendMail))\n#14 /Applications/MAMP/htdocs/-n-laravel/vendor/laravel/framework/src/Illuminate/Queue/Jobs/Job.php(98): Illuminate\\Queue\\CallQueuedHandler->call(Object(Illuminate\\Queue\\Jobs\\DatabaseJob), Array)\n#15 /Applications/MAMP/htdocs/-n-laravel/vendor/laravel/framework/src/Illuminate/Queue/Worker.php(428): Illuminate\\Queue\\Jobs\\Job->fire()\n#16 /Applications/MAMP/htdocs/-n-laravel/vendor/laravel/framework/src/Illuminate/Queue/Worker.php(378): Illuminate\\Queue\\Worker->process(\'database\', Object(Illuminate\\Queue\\Jobs\\DatabaseJob), Object(Illuminate\\Queue\\WorkerOptions))\n#17 /Applications/MAMP/htdocs/-n-laravel/vendor/laravel/framework/src/Illuminate/Queue/Worker.php(172): Illuminate\\Queue\\Worker->runJob(Object(Illuminate\\Queue\\Jobs\\DatabaseJob), \'database\', Object(Illuminate\\Queue\\WorkerOptions))\n#18 /Applications/MAMP/htdocs/-n-laravel/vendor/laravel/framework/src/Illuminate/Queue/Console/WorkCommand.php(116): Illuminate\\Queue\\Worker->daemon(\'database\', \'default\', Object(Illuminate\\Queue\\WorkerOptions))\n#19 /Applications/MAMP/htdocs/-n-laravel/vendor/laravel/framework/src/Illuminate/Queue/Console/WorkCommand.php(100): Illuminate\\Queue\\Console\\WorkCommand->runWorker(\'database\', \'default\')\n#20 /Applications/MAMP/htdocs/-n-laravel/vendor/laravel/framework/src/Illuminate/Container/BoundMethod.php(36): Illuminate\\Queue\\Console\\WorkCommand->handle()\n#21 /Applications/MAMP/htdocs/-n-laravel/vendor/laravel/framework/src/Illuminate/Container/Util.php(40): Illuminate\\Container\\BoundMethod::Illuminate\\Container\\{closure}()\n#22 /Applications/MAMP/htdocs/-n-laravel/vendor/laravel/framework/src/Illuminate/Container/BoundMethod.php(93): Illuminate\\Container\\Util::unwrapIfClosure(Object(Closure))\n#23 /Applications/MAMP/htdocs/-n-laravel/vendor/laravel/framework/src/Illuminate/Container/BoundMethod.php(35): Illuminate\\Container\\BoundMethod::callBoundMethod(Object(Illuminate\\Foundation\\Application), Array, Object(Closure))\n#24 /Applications/MAMP/htdocs/-n-laravel/vendor/laravel/framework/src/Illuminate/Container/Container.php(653): Illuminate\\Container\\BoundMethod::call(Object(Illuminate\\Foundation\\Application), Array, Array, NULL)\n#25 /Applications/MAMP/htdocs/-n-laravel/vendor/laravel/framework/src/Illuminate/Console/Command.php(136): Illuminate\\Container\\Container->call(Array)\n#26 /Applications/MAMP/htdocs/-n-laravel/vendor/symfony/console/Command/Command.php(298): Illuminate\\Console\\Command->execute(Object(Symfony\\Component\\Console\\Input\\ArgvInput), Object(Illuminate\\Console\\OutputStyle))\n#27 /Applications/MAMP/htdocs/-n-laravel/vendor/laravel/framework/src/Illuminate/Console/Command.php(120): Symfony\\Component\\Console\\Command\\Command->run(Object(Symfony\\Component\\Console\\Input\\ArgvInput), Object(Illuminate\\Console\\OutputStyle))\n#28 /Applications/MAMP/htdocs/-n-laravel/vendor/symfony/console/Application.php(1040): Illuminate\\Console\\Command->run(Object(Symfony\\Component\\Console\\Input\\ArgvInput), Object(Symfony\\Component\\Console\\Output\\ConsoleOutput))\n#29 /Applications/MAMP/htdocs/-n-laravel/vendor/symfony/console/Application.php(301): Symfony\\Component\\Console\\Application->doRunCommand(Object(Illuminate\\Queue\\Console\\WorkCommand), Object(Symfony\\Component\\Console\\Input\\ArgvInput), Object(Symfony\\Component\\Console\\Output\\ConsoleOutput))\n#30 /Applications/MAMP/htdocs/-n-laravel/vendor/symfony/console/Application.php(171): Symfony\\Component\\Console\\Application->doRun(Object(Symfony\\Component\\Console\\Input\\ArgvInput), Object(Symfony\\Component\\Console\\Output\\ConsoleOutput))\n#31 /Applications/MAMP/htdocs/-n-laravel/vendor/laravel/framework/src/Illuminate/Console/Application.php(94): Symfony\\Component\\Console\\Application->run(Object(Symfony\\Component\\Console\\Input\\ArgvInput), Object(Symfony\\Component\\Console\\Output\\ConsoleOutput))\n#32 /Applications/MAMP/htdocs/-n-laravel/vendor/laravel/framework/src/Illuminate/Foundation/Console/Kernel.php(129): Illuminate\\Console\\Application->run(Object(Symfony\\Component\\Console\\Input\\ArgvInput), Object(Symfony\\Component\\Console\\Output\\ConsoleOutput))\n#33 /Applications/MAMP/htdocs/-n-laravel/artisan(35): Illuminate\\Foundation\\Console\\Kernel->handle(Object(Symfony\\Component\\Console\\Input\\ArgvInput), Object(Symfony\\Component\\Console\\Output\\ConsoleOutput))\n#34 {main}', '2024-04-24 23:46:07'),
(2, '118182cd-eaa6-422a-8434-a1fcef674dcc', 'database', 'default', '{\"uuid\":\"118182cd-eaa6-422a-8434-a1fcef674dcc\",\"displayName\":\"App\\\\Jobs\\\\SendMail\",\"job\":\"Illuminate\\\\Queue\\\\CallQueuedHandler@call\",\"maxTries\":null,\"maxExceptions\":null,\"failOnTimeout\":false,\"backoff\":null,\"timeout\":null,\"retryUntil\":null,\"data\":{\"commandName\":\"App\\\\Jobs\\\\SendMail\",\"command\":\"O:17:\\\"App\\\\Jobs\\\\SendMail\\\":11:{s:8:\\\"\\u0000*\\u0000email\\\";s:31:\\\"nguyenhieploi2001zzzz@gmail.com\\\";s:3:\\\"job\\\";N;s:10:\\\"connection\\\";N;s:5:\\\"queue\\\";N;s:15:\\\"chainConnection\\\";N;s:10:\\\"chainQueue\\\";N;s:19:\\\"chainCatchCallbacks\\\";N;s:5:\\\"delay\\\";O:25:\\\"Illuminate\\\\Support\\\\Carbon\\\":3:{s:4:\\\"date\\\";s:26:\\\"2024-04-25 06:47:40.219007\\\";s:13:\\\"timezone_type\\\";i:3;s:8:\\\"timezone\\\";s:3:\\\"UTC\\\";}s:11:\\\"afterCommit\\\";N;s:10:\\\"middleware\\\";a:0:{}s:7:\\\"chained\\\";a:0:{}}\"}}', 'Error: Class \"App\\Jobs\\Mail\" not found in /Applications/MAMP/htdocs/-n-laravel/app/Jobs/SendMail.php:34\nStack trace:\n#0 /Applications/MAMP/htdocs/-n-laravel/vendor/laravel/framework/src/Illuminate/Container/BoundMethod.php(36): App\\Jobs\\SendMail->handle()\n#1 /Applications/MAMP/htdocs/-n-laravel/vendor/laravel/framework/src/Illuminate/Container/Util.php(40): Illuminate\\Container\\BoundMethod::Illuminate\\Container\\{closure}()\n#2 /Applications/MAMP/htdocs/-n-laravel/vendor/laravel/framework/src/Illuminate/Container/BoundMethod.php(93): Illuminate\\Container\\Util::unwrapIfClosure(Object(Closure))\n#3 /Applications/MAMP/htdocs/-n-laravel/vendor/laravel/framework/src/Illuminate/Container/BoundMethod.php(35): Illuminate\\Container\\BoundMethod::callBoundMethod(Object(Illuminate\\Foundation\\Application), Array, Object(Closure))\n#4 /Applications/MAMP/htdocs/-n-laravel/vendor/laravel/framework/src/Illuminate/Container/Container.php(653): Illuminate\\Container\\BoundMethod::call(Object(Illuminate\\Foundation\\Application), Array, Array, NULL)\n#5 /Applications/MAMP/htdocs/-n-laravel/vendor/laravel/framework/src/Illuminate/Bus/Dispatcher.php(128): Illuminate\\Container\\Container->call(Array)\n#6 /Applications/MAMP/htdocs/-n-laravel/vendor/laravel/framework/src/Illuminate/Pipeline/Pipeline.php(128): Illuminate\\Bus\\Dispatcher->Illuminate\\Bus\\{closure}(Object(App\\Jobs\\SendMail))\n#7 /Applications/MAMP/htdocs/-n-laravel/vendor/laravel/framework/src/Illuminate/Pipeline/Pipeline.php(103): Illuminate\\Pipeline\\Pipeline->Illuminate\\Pipeline\\{closure}(Object(App\\Jobs\\SendMail))\n#8 /Applications/MAMP/htdocs/-n-laravel/vendor/laravel/framework/src/Illuminate/Bus/Dispatcher.php(132): Illuminate\\Pipeline\\Pipeline->then(Object(Closure))\n#9 /Applications/MAMP/htdocs/-n-laravel/vendor/laravel/framework/src/Illuminate/Queue/CallQueuedHandler.php(119): Illuminate\\Bus\\Dispatcher->dispatchNow(Object(App\\Jobs\\SendMail), false)\n#10 /Applications/MAMP/htdocs/-n-laravel/vendor/laravel/framework/src/Illuminate/Pipeline/Pipeline.php(128): Illuminate\\Queue\\CallQueuedHandler->Illuminate\\Queue\\{closure}(Object(App\\Jobs\\SendMail))\n#11 /Applications/MAMP/htdocs/-n-laravel/vendor/laravel/framework/src/Illuminate/Pipeline/Pipeline.php(103): Illuminate\\Pipeline\\Pipeline->Illuminate\\Pipeline\\{closure}(Object(App\\Jobs\\SendMail))\n#12 /Applications/MAMP/htdocs/-n-laravel/vendor/laravel/framework/src/Illuminate/Queue/CallQueuedHandler.php(118): Illuminate\\Pipeline\\Pipeline->then(Object(Closure))\n#13 /Applications/MAMP/htdocs/-n-laravel/vendor/laravel/framework/src/Illuminate/Queue/CallQueuedHandler.php(70): Illuminate\\Queue\\CallQueuedHandler->dispatchThroughMiddleware(Object(Illuminate\\Queue\\Jobs\\DatabaseJob), Object(App\\Jobs\\SendMail))\n#14 /Applications/MAMP/htdocs/-n-laravel/vendor/laravel/framework/src/Illuminate/Queue/Jobs/Job.php(98): Illuminate\\Queue\\CallQueuedHandler->call(Object(Illuminate\\Queue\\Jobs\\DatabaseJob), Array)\n#15 /Applications/MAMP/htdocs/-n-laravel/vendor/laravel/framework/src/Illuminate/Queue/Worker.php(428): Illuminate\\Queue\\Jobs\\Job->fire()\n#16 /Applications/MAMP/htdocs/-n-laravel/vendor/laravel/framework/src/Illuminate/Queue/Worker.php(378): Illuminate\\Queue\\Worker->process(\'database\', Object(Illuminate\\Queue\\Jobs\\DatabaseJob), Object(Illuminate\\Queue\\WorkerOptions))\n#17 /Applications/MAMP/htdocs/-n-laravel/vendor/laravel/framework/src/Illuminate/Queue/Worker.php(172): Illuminate\\Queue\\Worker->runJob(Object(Illuminate\\Queue\\Jobs\\DatabaseJob), \'database\', Object(Illuminate\\Queue\\WorkerOptions))\n#18 /Applications/MAMP/htdocs/-n-laravel/vendor/laravel/framework/src/Illuminate/Queue/Console/WorkCommand.php(116): Illuminate\\Queue\\Worker->daemon(\'database\', \'default\', Object(Illuminate\\Queue\\WorkerOptions))\n#19 /Applications/MAMP/htdocs/-n-laravel/vendor/laravel/framework/src/Illuminate/Queue/Console/WorkCommand.php(100): Illuminate\\Queue\\Console\\WorkCommand->runWorker(\'database\', \'default\')\n#20 /Applications/MAMP/htdocs/-n-laravel/vendor/laravel/framework/src/Illuminate/Container/BoundMethod.php(36): Illuminate\\Queue\\Console\\WorkCommand->handle()\n#21 /Applications/MAMP/htdocs/-n-laravel/vendor/laravel/framework/src/Illuminate/Container/Util.php(40): Illuminate\\Container\\BoundMethod::Illuminate\\Container\\{closure}()\n#22 /Applications/MAMP/htdocs/-n-laravel/vendor/laravel/framework/src/Illuminate/Container/BoundMethod.php(93): Illuminate\\Container\\Util::unwrapIfClosure(Object(Closure))\n#23 /Applications/MAMP/htdocs/-n-laravel/vendor/laravel/framework/src/Illuminate/Container/BoundMethod.php(35): Illuminate\\Container\\BoundMethod::callBoundMethod(Object(Illuminate\\Foundation\\Application), Array, Object(Closure))\n#24 /Applications/MAMP/htdocs/-n-laravel/vendor/laravel/framework/src/Illuminate/Container/Container.php(653): Illuminate\\Container\\BoundMethod::call(Object(Illuminate\\Foundation\\Application), Array, Array, NULL)\n#25 /Applications/MAMP/htdocs/-n-laravel/vendor/laravel/framework/src/Illuminate/Console/Command.php(136): Illuminate\\Container\\Container->call(Array)\n#26 /Applications/MAMP/htdocs/-n-laravel/vendor/symfony/console/Command/Command.php(298): Illuminate\\Console\\Command->execute(Object(Symfony\\Component\\Console\\Input\\ArgvInput), Object(Illuminate\\Console\\OutputStyle))\n#27 /Applications/MAMP/htdocs/-n-laravel/vendor/laravel/framework/src/Illuminate/Console/Command.php(120): Symfony\\Component\\Console\\Command\\Command->run(Object(Symfony\\Component\\Console\\Input\\ArgvInput), Object(Illuminate\\Console\\OutputStyle))\n#28 /Applications/MAMP/htdocs/-n-laravel/vendor/symfony/console/Application.php(1040): Illuminate\\Console\\Command->run(Object(Symfony\\Component\\Console\\Input\\ArgvInput), Object(Symfony\\Component\\Console\\Output\\ConsoleOutput))\n#29 /Applications/MAMP/htdocs/-n-laravel/vendor/symfony/console/Application.php(301): Symfony\\Component\\Console\\Application->doRunCommand(Object(Illuminate\\Queue\\Console\\WorkCommand), Object(Symfony\\Component\\Console\\Input\\ArgvInput), Object(Symfony\\Component\\Console\\Output\\ConsoleOutput))\n#30 /Applications/MAMP/htdocs/-n-laravel/vendor/symfony/console/Application.php(171): Symfony\\Component\\Console\\Application->doRun(Object(Symfony\\Component\\Console\\Input\\ArgvInput), Object(Symfony\\Component\\Console\\Output\\ConsoleOutput))\n#31 /Applications/MAMP/htdocs/-n-laravel/vendor/laravel/framework/src/Illuminate/Console/Application.php(94): Symfony\\Component\\Console\\Application->run(Object(Symfony\\Component\\Console\\Input\\ArgvInput), Object(Symfony\\Component\\Console\\Output\\ConsoleOutput))\n#32 /Applications/MAMP/htdocs/-n-laravel/vendor/laravel/framework/src/Illuminate/Foundation/Console/Kernel.php(129): Illuminate\\Console\\Application->run(Object(Symfony\\Component\\Console\\Input\\ArgvInput), Object(Symfony\\Component\\Console\\Output\\ConsoleOutput))\n#33 /Applications/MAMP/htdocs/-n-laravel/artisan(35): Illuminate\\Foundation\\Console\\Kernel->handle(Object(Symfony\\Component\\Console\\Input\\ArgvInput), Object(Symfony\\Component\\Console\\Output\\ConsoleOutput))\n#34 {main}', '2024-04-24 23:47:40'),
(3, '73cc0f30-7290-4ca4-94c1-ebac4b82056e', 'database', 'default', '{\"uuid\":\"73cc0f30-7290-4ca4-94c1-ebac4b82056e\",\"displayName\":\"App\\\\Jobs\\\\SendMail\",\"job\":\"Illuminate\\\\Queue\\\\CallQueuedHandler@call\",\"maxTries\":null,\"maxExceptions\":null,\"failOnTimeout\":false,\"backoff\":null,\"timeout\":null,\"retryUntil\":null,\"data\":{\"commandName\":\"App\\\\Jobs\\\\SendMail\",\"command\":\"O:17:\\\"App\\\\Jobs\\\\SendMail\\\":11:{s:8:\\\"\\u0000*\\u0000email\\\";s:33:\\\"nguyenhieploi2dsadas001@gmail.com\\\";s:3:\\\"job\\\";N;s:10:\\\"connection\\\";N;s:5:\\\"queue\\\";N;s:15:\\\"chainConnection\\\";N;s:10:\\\"chainQueue\\\";N;s:19:\\\"chainCatchCallbacks\\\";N;s:5:\\\"delay\\\";O:25:\\\"Illuminate\\\\Support\\\\Carbon\\\":3:{s:4:\\\"date\\\";s:26:\\\"2024-04-25 06:49:06.540647\\\";s:13:\\\"timezone_type\\\";i:3;s:8:\\\"timezone\\\";s:3:\\\"UTC\\\";}s:11:\\\"afterCommit\\\";N;s:10:\\\"middleware\\\";a:0:{}s:7:\\\"chained\\\";a:0:{}}\"}}', 'Error: Class \"App\\Jobs\\Mail\" not found in /Applications/MAMP/htdocs/-n-laravel/app/Jobs/SendMail.php:34\nStack trace:\n#0 /Applications/MAMP/htdocs/-n-laravel/vendor/laravel/framework/src/Illuminate/Container/BoundMethod.php(36): App\\Jobs\\SendMail->handle()\n#1 /Applications/MAMP/htdocs/-n-laravel/vendor/laravel/framework/src/Illuminate/Container/Util.php(40): Illuminate\\Container\\BoundMethod::Illuminate\\Container\\{closure}()\n#2 /Applications/MAMP/htdocs/-n-laravel/vendor/laravel/framework/src/Illuminate/Container/BoundMethod.php(93): Illuminate\\Container\\Util::unwrapIfClosure(Object(Closure))\n#3 /Applications/MAMP/htdocs/-n-laravel/vendor/laravel/framework/src/Illuminate/Container/BoundMethod.php(35): Illuminate\\Container\\BoundMethod::callBoundMethod(Object(Illuminate\\Foundation\\Application), Array, Object(Closure))\n#4 /Applications/MAMP/htdocs/-n-laravel/vendor/laravel/framework/src/Illuminate/Container/Container.php(653): Illuminate\\Container\\BoundMethod::call(Object(Illuminate\\Foundation\\Application), Array, Array, NULL)\n#5 /Applications/MAMP/htdocs/-n-laravel/vendor/laravel/framework/src/Illuminate/Bus/Dispatcher.php(128): Illuminate\\Container\\Container->call(Array)\n#6 /Applications/MAMP/htdocs/-n-laravel/vendor/laravel/framework/src/Illuminate/Pipeline/Pipeline.php(128): Illuminate\\Bus\\Dispatcher->Illuminate\\Bus\\{closure}(Object(App\\Jobs\\SendMail))\n#7 /Applications/MAMP/htdocs/-n-laravel/vendor/laravel/framework/src/Illuminate/Pipeline/Pipeline.php(103): Illuminate\\Pipeline\\Pipeline->Illuminate\\Pipeline\\{closure}(Object(App\\Jobs\\SendMail))\n#8 /Applications/MAMP/htdocs/-n-laravel/vendor/laravel/framework/src/Illuminate/Bus/Dispatcher.php(132): Illuminate\\Pipeline\\Pipeline->then(Object(Closure))\n#9 /Applications/MAMP/htdocs/-n-laravel/vendor/laravel/framework/src/Illuminate/Queue/CallQueuedHandler.php(119): Illuminate\\Bus\\Dispatcher->dispatchNow(Object(App\\Jobs\\SendMail), false)\n#10 /Applications/MAMP/htdocs/-n-laravel/vendor/laravel/framework/src/Illuminate/Pipeline/Pipeline.php(128): Illuminate\\Queue\\CallQueuedHandler->Illuminate\\Queue\\{closure}(Object(App\\Jobs\\SendMail))\n#11 /Applications/MAMP/htdocs/-n-laravel/vendor/laravel/framework/src/Illuminate/Pipeline/Pipeline.php(103): Illuminate\\Pipeline\\Pipeline->Illuminate\\Pipeline\\{closure}(Object(App\\Jobs\\SendMail))\n#12 /Applications/MAMP/htdocs/-n-laravel/vendor/laravel/framework/src/Illuminate/Queue/CallQueuedHandler.php(118): Illuminate\\Pipeline\\Pipeline->then(Object(Closure))\n#13 /Applications/MAMP/htdocs/-n-laravel/vendor/laravel/framework/src/Illuminate/Queue/CallQueuedHandler.php(70): Illuminate\\Queue\\CallQueuedHandler->dispatchThroughMiddleware(Object(Illuminate\\Queue\\Jobs\\DatabaseJob), Object(App\\Jobs\\SendMail))\n#14 /Applications/MAMP/htdocs/-n-laravel/vendor/laravel/framework/src/Illuminate/Queue/Jobs/Job.php(98): Illuminate\\Queue\\CallQueuedHandler->call(Object(Illuminate\\Queue\\Jobs\\DatabaseJob), Array)\n#15 /Applications/MAMP/htdocs/-n-laravel/vendor/laravel/framework/src/Illuminate/Queue/Worker.php(428): Illuminate\\Queue\\Jobs\\Job->fire()\n#16 /Applications/MAMP/htdocs/-n-laravel/vendor/laravel/framework/src/Illuminate/Queue/Worker.php(378): Illuminate\\Queue\\Worker->process(\'database\', Object(Illuminate\\Queue\\Jobs\\DatabaseJob), Object(Illuminate\\Queue\\WorkerOptions))\n#17 /Applications/MAMP/htdocs/-n-laravel/vendor/laravel/framework/src/Illuminate/Queue/Worker.php(172): Illuminate\\Queue\\Worker->runJob(Object(Illuminate\\Queue\\Jobs\\DatabaseJob), \'database\', Object(Illuminate\\Queue\\WorkerOptions))\n#18 /Applications/MAMP/htdocs/-n-laravel/vendor/laravel/framework/src/Illuminate/Queue/Console/WorkCommand.php(116): Illuminate\\Queue\\Worker->daemon(\'database\', \'default\', Object(Illuminate\\Queue\\WorkerOptions))\n#19 /Applications/MAMP/htdocs/-n-laravel/vendor/laravel/framework/src/Illuminate/Queue/Console/WorkCommand.php(100): Illuminate\\Queue\\Console\\WorkCommand->runWorker(\'database\', \'default\')\n#20 /Applications/MAMP/htdocs/-n-laravel/vendor/laravel/framework/src/Illuminate/Container/BoundMethod.php(36): Illuminate\\Queue\\Console\\WorkCommand->handle()\n#21 /Applications/MAMP/htdocs/-n-laravel/vendor/laravel/framework/src/Illuminate/Container/Util.php(40): Illuminate\\Container\\BoundMethod::Illuminate\\Container\\{closure}()\n#22 /Applications/MAMP/htdocs/-n-laravel/vendor/laravel/framework/src/Illuminate/Container/BoundMethod.php(93): Illuminate\\Container\\Util::unwrapIfClosure(Object(Closure))\n#23 /Applications/MAMP/htdocs/-n-laravel/vendor/laravel/framework/src/Illuminate/Container/BoundMethod.php(35): Illuminate\\Container\\BoundMethod::callBoundMethod(Object(Illuminate\\Foundation\\Application), Array, Object(Closure))\n#24 /Applications/MAMP/htdocs/-n-laravel/vendor/laravel/framework/src/Illuminate/Container/Container.php(653): Illuminate\\Container\\BoundMethod::call(Object(Illuminate\\Foundation\\Application), Array, Array, NULL)\n#25 /Applications/MAMP/htdocs/-n-laravel/vendor/laravel/framework/src/Illuminate/Console/Command.php(136): Illuminate\\Container\\Container->call(Array)\n#26 /Applications/MAMP/htdocs/-n-laravel/vendor/symfony/console/Command/Command.php(298): Illuminate\\Console\\Command->execute(Object(Symfony\\Component\\Console\\Input\\ArgvInput), Object(Illuminate\\Console\\OutputStyle))\n#27 /Applications/MAMP/htdocs/-n-laravel/vendor/laravel/framework/src/Illuminate/Console/Command.php(120): Symfony\\Component\\Console\\Command\\Command->run(Object(Symfony\\Component\\Console\\Input\\ArgvInput), Object(Illuminate\\Console\\OutputStyle))\n#28 /Applications/MAMP/htdocs/-n-laravel/vendor/symfony/console/Application.php(1040): Illuminate\\Console\\Command->run(Object(Symfony\\Component\\Console\\Input\\ArgvInput), Object(Symfony\\Component\\Console\\Output\\ConsoleOutput))\n#29 /Applications/MAMP/htdocs/-n-laravel/vendor/symfony/console/Application.php(301): Symfony\\Component\\Console\\Application->doRunCommand(Object(Illuminate\\Queue\\Console\\WorkCommand), Object(Symfony\\Component\\Console\\Input\\ArgvInput), Object(Symfony\\Component\\Console\\Output\\ConsoleOutput))\n#30 /Applications/MAMP/htdocs/-n-laravel/vendor/symfony/console/Application.php(171): Symfony\\Component\\Console\\Application->doRun(Object(Symfony\\Component\\Console\\Input\\ArgvInput), Object(Symfony\\Component\\Console\\Output\\ConsoleOutput))\n#31 /Applications/MAMP/htdocs/-n-laravel/vendor/laravel/framework/src/Illuminate/Console/Application.php(94): Symfony\\Component\\Console\\Application->run(Object(Symfony\\Component\\Console\\Input\\ArgvInput), Object(Symfony\\Component\\Console\\Output\\ConsoleOutput))\n#32 /Applications/MAMP/htdocs/-n-laravel/vendor/laravel/framework/src/Illuminate/Foundation/Console/Kernel.php(129): Illuminate\\Console\\Application->run(Object(Symfony\\Component\\Console\\Input\\ArgvInput), Object(Symfony\\Component\\Console\\Output\\ConsoleOutput))\n#33 /Applications/MAMP/htdocs/-n-laravel/artisan(35): Illuminate\\Foundation\\Console\\Kernel->handle(Object(Symfony\\Component\\Console\\Input\\ArgvInput), Object(Symfony\\Component\\Console\\Output\\ConsoleOutput))\n#34 {main}', '2024-04-24 23:49:07'),
(4, 'fde3405b-fa89-42ad-b4b4-e1e8ba21aa9b', 'database', 'default', '{\"uuid\":\"fde3405b-fa89-42ad-b4b4-e1e8ba21aa9b\",\"displayName\":\"App\\\\Jobs\\\\SendMail\",\"job\":\"Illuminate\\\\Queue\\\\CallQueuedHandler@call\",\"maxTries\":null,\"maxExceptions\":null,\"failOnTimeout\":false,\"backoff\":null,\"timeout\":null,\"retryUntil\":null,\"data\":{\"commandName\":\"App\\\\Jobs\\\\SendMail\",\"command\":\"O:17:\\\"App\\\\Jobs\\\\SendMail\\\":11:{s:8:\\\"\\u0000*\\u0000email\\\";s:31:\\\"nguyenhieploizz2001@gmail.comzz\\\";s:3:\\\"job\\\";N;s:10:\\\"connection\\\";N;s:5:\\\"queue\\\";N;s:15:\\\"chainConnection\\\";N;s:10:\\\"chainQueue\\\";N;s:19:\\\"chainCatchCallbacks\\\";N;s:5:\\\"delay\\\";O:25:\\\"Illuminate\\\\Support\\\\Carbon\\\":3:{s:4:\\\"date\\\";s:26:\\\"2024-04-25 06:50:23.989636\\\";s:13:\\\"timezone_type\\\";i:3;s:8:\\\"timezone\\\";s:3:\\\"UTC\\\";}s:11:\\\"afterCommit\\\";N;s:10:\\\"middleware\\\";a:0:{}s:7:\\\"chained\\\";a:0:{}}\"}}', 'Error: Class \"App\\Jobs\\Mail\" not found in /Applications/MAMP/htdocs/-n-laravel/app/Jobs/SendMail.php:34\nStack trace:\n#0 /Applications/MAMP/htdocs/-n-laravel/vendor/laravel/framework/src/Illuminate/Container/BoundMethod.php(36): App\\Jobs\\SendMail->handle()\n#1 /Applications/MAMP/htdocs/-n-laravel/vendor/laravel/framework/src/Illuminate/Container/Util.php(40): Illuminate\\Container\\BoundMethod::Illuminate\\Container\\{closure}()\n#2 /Applications/MAMP/htdocs/-n-laravel/vendor/laravel/framework/src/Illuminate/Container/BoundMethod.php(93): Illuminate\\Container\\Util::unwrapIfClosure(Object(Closure))\n#3 /Applications/MAMP/htdocs/-n-laravel/vendor/laravel/framework/src/Illuminate/Container/BoundMethod.php(35): Illuminate\\Container\\BoundMethod::callBoundMethod(Object(Illuminate\\Foundation\\Application), Array, Object(Closure))\n#4 /Applications/MAMP/htdocs/-n-laravel/vendor/laravel/framework/src/Illuminate/Container/Container.php(653): Illuminate\\Container\\BoundMethod::call(Object(Illuminate\\Foundation\\Application), Array, Array, NULL)\n#5 /Applications/MAMP/htdocs/-n-laravel/vendor/laravel/framework/src/Illuminate/Bus/Dispatcher.php(128): Illuminate\\Container\\Container->call(Array)\n#6 /Applications/MAMP/htdocs/-n-laravel/vendor/laravel/framework/src/Illuminate/Pipeline/Pipeline.php(128): Illuminate\\Bus\\Dispatcher->Illuminate\\Bus\\{closure}(Object(App\\Jobs\\SendMail))\n#7 /Applications/MAMP/htdocs/-n-laravel/vendor/laravel/framework/src/Illuminate/Pipeline/Pipeline.php(103): Illuminate\\Pipeline\\Pipeline->Illuminate\\Pipeline\\{closure}(Object(App\\Jobs\\SendMail))\n#8 /Applications/MAMP/htdocs/-n-laravel/vendor/laravel/framework/src/Illuminate/Bus/Dispatcher.php(132): Illuminate\\Pipeline\\Pipeline->then(Object(Closure))\n#9 /Applications/MAMP/htdocs/-n-laravel/vendor/laravel/framework/src/Illuminate/Queue/CallQueuedHandler.php(119): Illuminate\\Bus\\Dispatcher->dispatchNow(Object(App\\Jobs\\SendMail), false)\n#10 /Applications/MAMP/htdocs/-n-laravel/vendor/laravel/framework/src/Illuminate/Pipeline/Pipeline.php(128): Illuminate\\Queue\\CallQueuedHandler->Illuminate\\Queue\\{closure}(Object(App\\Jobs\\SendMail))\n#11 /Applications/MAMP/htdocs/-n-laravel/vendor/laravel/framework/src/Illuminate/Pipeline/Pipeline.php(103): Illuminate\\Pipeline\\Pipeline->Illuminate\\Pipeline\\{closure}(Object(App\\Jobs\\SendMail))\n#12 /Applications/MAMP/htdocs/-n-laravel/vendor/laravel/framework/src/Illuminate/Queue/CallQueuedHandler.php(118): Illuminate\\Pipeline\\Pipeline->then(Object(Closure))\n#13 /Applications/MAMP/htdocs/-n-laravel/vendor/laravel/framework/src/Illuminate/Queue/CallQueuedHandler.php(70): Illuminate\\Queue\\CallQueuedHandler->dispatchThroughMiddleware(Object(Illuminate\\Queue\\Jobs\\DatabaseJob), Object(App\\Jobs\\SendMail))\n#14 /Applications/MAMP/htdocs/-n-laravel/vendor/laravel/framework/src/Illuminate/Queue/Jobs/Job.php(98): Illuminate\\Queue\\CallQueuedHandler->call(Object(Illuminate\\Queue\\Jobs\\DatabaseJob), Array)\n#15 /Applications/MAMP/htdocs/-n-laravel/vendor/laravel/framework/src/Illuminate/Queue/Worker.php(428): Illuminate\\Queue\\Jobs\\Job->fire()\n#16 /Applications/MAMP/htdocs/-n-laravel/vendor/laravel/framework/src/Illuminate/Queue/Worker.php(378): Illuminate\\Queue\\Worker->process(\'database\', Object(Illuminate\\Queue\\Jobs\\DatabaseJob), Object(Illuminate\\Queue\\WorkerOptions))\n#17 /Applications/MAMP/htdocs/-n-laravel/vendor/laravel/framework/src/Illuminate/Queue/Worker.php(172): Illuminate\\Queue\\Worker->runJob(Object(Illuminate\\Queue\\Jobs\\DatabaseJob), \'database\', Object(Illuminate\\Queue\\WorkerOptions))\n#18 /Applications/MAMP/htdocs/-n-laravel/vendor/laravel/framework/src/Illuminate/Queue/Console/WorkCommand.php(116): Illuminate\\Queue\\Worker->daemon(\'database\', \'default\', Object(Illuminate\\Queue\\WorkerOptions))\n#19 /Applications/MAMP/htdocs/-n-laravel/vendor/laravel/framework/src/Illuminate/Queue/Console/WorkCommand.php(100): Illuminate\\Queue\\Console\\WorkCommand->runWorker(\'database\', \'default\')\n#20 /Applications/MAMP/htdocs/-n-laravel/vendor/laravel/framework/src/Illuminate/Container/BoundMethod.php(36): Illuminate\\Queue\\Console\\WorkCommand->handle()\n#21 /Applications/MAMP/htdocs/-n-laravel/vendor/laravel/framework/src/Illuminate/Container/Util.php(40): Illuminate\\Container\\BoundMethod::Illuminate\\Container\\{closure}()\n#22 /Applications/MAMP/htdocs/-n-laravel/vendor/laravel/framework/src/Illuminate/Container/BoundMethod.php(93): Illuminate\\Container\\Util::unwrapIfClosure(Object(Closure))\n#23 /Applications/MAMP/htdocs/-n-laravel/vendor/laravel/framework/src/Illuminate/Container/BoundMethod.php(35): Illuminate\\Container\\BoundMethod::callBoundMethod(Object(Illuminate\\Foundation\\Application), Array, Object(Closure))\n#24 /Applications/MAMP/htdocs/-n-laravel/vendor/laravel/framework/src/Illuminate/Container/Container.php(653): Illuminate\\Container\\BoundMethod::call(Object(Illuminate\\Foundation\\Application), Array, Array, NULL)\n#25 /Applications/MAMP/htdocs/-n-laravel/vendor/laravel/framework/src/Illuminate/Console/Command.php(136): Illuminate\\Container\\Container->call(Array)\n#26 /Applications/MAMP/htdocs/-n-laravel/vendor/symfony/console/Command/Command.php(298): Illuminate\\Console\\Command->execute(Object(Symfony\\Component\\Console\\Input\\ArgvInput), Object(Illuminate\\Console\\OutputStyle))\n#27 /Applications/MAMP/htdocs/-n-laravel/vendor/laravel/framework/src/Illuminate/Console/Command.php(120): Symfony\\Component\\Console\\Command\\Command->run(Object(Symfony\\Component\\Console\\Input\\ArgvInput), Object(Illuminate\\Console\\OutputStyle))\n#28 /Applications/MAMP/htdocs/-n-laravel/vendor/symfony/console/Application.php(1040): Illuminate\\Console\\Command->run(Object(Symfony\\Component\\Console\\Input\\ArgvInput), Object(Symfony\\Component\\Console\\Output\\ConsoleOutput))\n#29 /Applications/MAMP/htdocs/-n-laravel/vendor/symfony/console/Application.php(301): Symfony\\Component\\Console\\Application->doRunCommand(Object(Illuminate\\Queue\\Console\\WorkCommand), Object(Symfony\\Component\\Console\\Input\\ArgvInput), Object(Symfony\\Component\\Console\\Output\\ConsoleOutput))\n#30 /Applications/MAMP/htdocs/-n-laravel/vendor/symfony/console/Application.php(171): Symfony\\Component\\Console\\Application->doRun(Object(Symfony\\Component\\Console\\Input\\ArgvInput), Object(Symfony\\Component\\Console\\Output\\ConsoleOutput))\n#31 /Applications/MAMP/htdocs/-n-laravel/vendor/laravel/framework/src/Illuminate/Console/Application.php(94): Symfony\\Component\\Console\\Application->run(Object(Symfony\\Component\\Console\\Input\\ArgvInput), Object(Symfony\\Component\\Console\\Output\\ConsoleOutput))\n#32 /Applications/MAMP/htdocs/-n-laravel/vendor/laravel/framework/src/Illuminate/Foundation/Console/Kernel.php(129): Illuminate\\Console\\Application->run(Object(Symfony\\Component\\Console\\Input\\ArgvInput), Object(Symfony\\Component\\Console\\Output\\ConsoleOutput))\n#33 /Applications/MAMP/htdocs/-n-laravel/artisan(35): Illuminate\\Foundation\\Console\\Kernel->handle(Object(Symfony\\Component\\Console\\Input\\ArgvInput), Object(Symfony\\Component\\Console\\Output\\ConsoleOutput))\n#34 {main}', '2024-04-24 23:50:25'),
(5, 'da6452b7-99ae-4e82-a0c0-0d2b247d40a6', 'database', 'default', '{\"uuid\":\"da6452b7-99ae-4e82-a0c0-0d2b247d40a6\",\"displayName\":\"App\\\\Jobs\\\\SendMail\",\"job\":\"Illuminate\\\\Queue\\\\CallQueuedHandler@call\",\"maxTries\":null,\"maxExceptions\":null,\"failOnTimeout\":false,\"backoff\":null,\"timeout\":null,\"retryUntil\":null,\"data\":{\"commandName\":\"App\\\\Jobs\\\\SendMail\",\"command\":\"O:17:\\\"App\\\\Jobs\\\\SendMail\\\":11:{s:8:\\\"\\u0000*\\u0000email\\\";s:27:\\\"nguyenhieploi2001@gmail.com\\\";s:3:\\\"job\\\";N;s:10:\\\"connection\\\";N;s:5:\\\"queue\\\";N;s:15:\\\"chainConnection\\\";N;s:10:\\\"chainQueue\\\";N;s:19:\\\"chainCatchCallbacks\\\";N;s:5:\\\"delay\\\";O:25:\\\"Illuminate\\\\Support\\\\Carbon\\\":3:{s:4:\\\"date\\\";s:26:\\\"2024-04-25 06:52:31.958870\\\";s:13:\\\"timezone_type\\\";i:3;s:8:\\\"timezone\\\";s:3:\\\"UTC\\\";}s:11:\\\"afterCommit\\\";N;s:10:\\\"middleware\\\";a:0:{}s:7:\\\"chained\\\";a:0:{}}\"}}', 'Error: Class \"App\\Jobs\\Mail\" not found in /Applications/MAMP/htdocs/-n-laravel/app/Jobs/SendMail.php:34\nStack trace:\n#0 /Applications/MAMP/htdocs/-n-laravel/vendor/laravel/framework/src/Illuminate/Container/BoundMethod.php(36): App\\Jobs\\SendMail->handle()\n#1 /Applications/MAMP/htdocs/-n-laravel/vendor/laravel/framework/src/Illuminate/Container/Util.php(40): Illuminate\\Container\\BoundMethod::Illuminate\\Container\\{closure}()\n#2 /Applications/MAMP/htdocs/-n-laravel/vendor/laravel/framework/src/Illuminate/Container/BoundMethod.php(93): Illuminate\\Container\\Util::unwrapIfClosure(Object(Closure))\n#3 /Applications/MAMP/htdocs/-n-laravel/vendor/laravel/framework/src/Illuminate/Container/BoundMethod.php(35): Illuminate\\Container\\BoundMethod::callBoundMethod(Object(Illuminate\\Foundation\\Application), Array, Object(Closure))\n#4 /Applications/MAMP/htdocs/-n-laravel/vendor/laravel/framework/src/Illuminate/Container/Container.php(653): Illuminate\\Container\\BoundMethod::call(Object(Illuminate\\Foundation\\Application), Array, Array, NULL)\n#5 /Applications/MAMP/htdocs/-n-laravel/vendor/laravel/framework/src/Illuminate/Bus/Dispatcher.php(128): Illuminate\\Container\\Container->call(Array)\n#6 /Applications/MAMP/htdocs/-n-laravel/vendor/laravel/framework/src/Illuminate/Pipeline/Pipeline.php(128): Illuminate\\Bus\\Dispatcher->Illuminate\\Bus\\{closure}(Object(App\\Jobs\\SendMail))\n#7 /Applications/MAMP/htdocs/-n-laravel/vendor/laravel/framework/src/Illuminate/Pipeline/Pipeline.php(103): Illuminate\\Pipeline\\Pipeline->Illuminate\\Pipeline\\{closure}(Object(App\\Jobs\\SendMail))\n#8 /Applications/MAMP/htdocs/-n-laravel/vendor/laravel/framework/src/Illuminate/Bus/Dispatcher.php(132): Illuminate\\Pipeline\\Pipeline->then(Object(Closure))\n#9 /Applications/MAMP/htdocs/-n-laravel/vendor/laravel/framework/src/Illuminate/Queue/CallQueuedHandler.php(119): Illuminate\\Bus\\Dispatcher->dispatchNow(Object(App\\Jobs\\SendMail), false)\n#10 /Applications/MAMP/htdocs/-n-laravel/vendor/laravel/framework/src/Illuminate/Pipeline/Pipeline.php(128): Illuminate\\Queue\\CallQueuedHandler->Illuminate\\Queue\\{closure}(Object(App\\Jobs\\SendMail))\n#11 /Applications/MAMP/htdocs/-n-laravel/vendor/laravel/framework/src/Illuminate/Pipeline/Pipeline.php(103): Illuminate\\Pipeline\\Pipeline->Illuminate\\Pipeline\\{closure}(Object(App\\Jobs\\SendMail))\n#12 /Applications/MAMP/htdocs/-n-laravel/vendor/laravel/framework/src/Illuminate/Queue/CallQueuedHandler.php(118): Illuminate\\Pipeline\\Pipeline->then(Object(Closure))\n#13 /Applications/MAMP/htdocs/-n-laravel/vendor/laravel/framework/src/Illuminate/Queue/CallQueuedHandler.php(70): Illuminate\\Queue\\CallQueuedHandler->dispatchThroughMiddleware(Object(Illuminate\\Queue\\Jobs\\DatabaseJob), Object(App\\Jobs\\SendMail))\n#14 /Applications/MAMP/htdocs/-n-laravel/vendor/laravel/framework/src/Illuminate/Queue/Jobs/Job.php(98): Illuminate\\Queue\\CallQueuedHandler->call(Object(Illuminate\\Queue\\Jobs\\DatabaseJob), Array)\n#15 /Applications/MAMP/htdocs/-n-laravel/vendor/laravel/framework/src/Illuminate/Queue/Worker.php(428): Illuminate\\Queue\\Jobs\\Job->fire()\n#16 /Applications/MAMP/htdocs/-n-laravel/vendor/laravel/framework/src/Illuminate/Queue/Worker.php(378): Illuminate\\Queue\\Worker->process(\'database\', Object(Illuminate\\Queue\\Jobs\\DatabaseJob), Object(Illuminate\\Queue\\WorkerOptions))\n#17 /Applications/MAMP/htdocs/-n-laravel/vendor/laravel/framework/src/Illuminate/Queue/Worker.php(172): Illuminate\\Queue\\Worker->runJob(Object(Illuminate\\Queue\\Jobs\\DatabaseJob), \'database\', Object(Illuminate\\Queue\\WorkerOptions))\n#18 /Applications/MAMP/htdocs/-n-laravel/vendor/laravel/framework/src/Illuminate/Queue/Console/WorkCommand.php(116): Illuminate\\Queue\\Worker->daemon(\'database\', \'default\', Object(Illuminate\\Queue\\WorkerOptions))\n#19 /Applications/MAMP/htdocs/-n-laravel/vendor/laravel/framework/src/Illuminate/Queue/Console/WorkCommand.php(100): Illuminate\\Queue\\Console\\WorkCommand->runWorker(\'database\', \'default\')\n#20 /Applications/MAMP/htdocs/-n-laravel/vendor/laravel/framework/src/Illuminate/Container/BoundMethod.php(36): Illuminate\\Queue\\Console\\WorkCommand->handle()\n#21 /Applications/MAMP/htdocs/-n-laravel/vendor/laravel/framework/src/Illuminate/Container/Util.php(40): Illuminate\\Container\\BoundMethod::Illuminate\\Container\\{closure}()\n#22 /Applications/MAMP/htdocs/-n-laravel/vendor/laravel/framework/src/Illuminate/Container/BoundMethod.php(93): Illuminate\\Container\\Util::unwrapIfClosure(Object(Closure))\n#23 /Applications/MAMP/htdocs/-n-laravel/vendor/laravel/framework/src/Illuminate/Container/BoundMethod.php(35): Illuminate\\Container\\BoundMethod::callBoundMethod(Object(Illuminate\\Foundation\\Application), Array, Object(Closure))\n#24 /Applications/MAMP/htdocs/-n-laravel/vendor/laravel/framework/src/Illuminate/Container/Container.php(653): Illuminate\\Container\\BoundMethod::call(Object(Illuminate\\Foundation\\Application), Array, Array, NULL)\n#25 /Applications/MAMP/htdocs/-n-laravel/vendor/laravel/framework/src/Illuminate/Console/Command.php(136): Illuminate\\Container\\Container->call(Array)\n#26 /Applications/MAMP/htdocs/-n-laravel/vendor/symfony/console/Command/Command.php(298): Illuminate\\Console\\Command->execute(Object(Symfony\\Component\\Console\\Input\\ArgvInput), Object(Illuminate\\Console\\OutputStyle))\n#27 /Applications/MAMP/htdocs/-n-laravel/vendor/laravel/framework/src/Illuminate/Console/Command.php(120): Symfony\\Component\\Console\\Command\\Command->run(Object(Symfony\\Component\\Console\\Input\\ArgvInput), Object(Illuminate\\Console\\OutputStyle))\n#28 /Applications/MAMP/htdocs/-n-laravel/vendor/symfony/console/Application.php(1040): Illuminate\\Console\\Command->run(Object(Symfony\\Component\\Console\\Input\\ArgvInput), Object(Symfony\\Component\\Console\\Output\\ConsoleOutput))\n#29 /Applications/MAMP/htdocs/-n-laravel/vendor/symfony/console/Application.php(301): Symfony\\Component\\Console\\Application->doRunCommand(Object(Illuminate\\Queue\\Console\\WorkCommand), Object(Symfony\\Component\\Console\\Input\\ArgvInput), Object(Symfony\\Component\\Console\\Output\\ConsoleOutput))\n#30 /Applications/MAMP/htdocs/-n-laravel/vendor/symfony/console/Application.php(171): Symfony\\Component\\Console\\Application->doRun(Object(Symfony\\Component\\Console\\Input\\ArgvInput), Object(Symfony\\Component\\Console\\Output\\ConsoleOutput))\n#31 /Applications/MAMP/htdocs/-n-laravel/vendor/laravel/framework/src/Illuminate/Console/Application.php(94): Symfony\\Component\\Console\\Application->run(Object(Symfony\\Component\\Console\\Input\\ArgvInput), Object(Symfony\\Component\\Console\\Output\\ConsoleOutput))\n#32 /Applications/MAMP/htdocs/-n-laravel/vendor/laravel/framework/src/Illuminate/Foundation/Console/Kernel.php(129): Illuminate\\Console\\Application->run(Object(Symfony\\Component\\Console\\Input\\ArgvInput), Object(Symfony\\Component\\Console\\Output\\ConsoleOutput))\n#33 /Applications/MAMP/htdocs/-n-laravel/artisan(35): Illuminate\\Foundation\\Console\\Kernel->handle(Object(Symfony\\Component\\Console\\Input\\ArgvInput), Object(Symfony\\Component\\Console\\Output\\ConsoleOutput))\n#34 {main}', '2024-04-24 23:52:31'),
(6, 'b0bfdbec-d27b-4195-a8b5-09ff61b4a499', 'database', 'default', '{\"uuid\":\"b0bfdbec-d27b-4195-a8b5-09ff61b4a499\",\"displayName\":\"App\\\\Jobs\\\\SendMail\",\"job\":\"Illuminate\\\\Queue\\\\CallQueuedHandler@call\",\"maxTries\":null,\"maxExceptions\":null,\"failOnTimeout\":false,\"backoff\":null,\"timeout\":null,\"retryUntil\":null,\"data\":{\"commandName\":\"App\\\\Jobs\\\\SendMail\",\"command\":\"O:17:\\\"App\\\\Jobs\\\\SendMail\\\":11:{s:8:\\\"\\u0000*\\u0000email\\\";s:30:\\\"nguyenhieploi2001zzz@gmail.com\\\";s:3:\\\"job\\\";N;s:10:\\\"connection\\\";N;s:5:\\\"queue\\\";N;s:15:\\\"chainConnection\\\";N;s:10:\\\"chainQueue\\\";N;s:19:\\\"chainCatchCallbacks\\\";N;s:5:\\\"delay\\\";O:25:\\\"Illuminate\\\\Support\\\\Carbon\\\":3:{s:4:\\\"date\\\";s:26:\\\"2024-04-25 06:54:37.229991\\\";s:13:\\\"timezone_type\\\";i:3;s:8:\\\"timezone\\\";s:3:\\\"UTC\\\";}s:11:\\\"afterCommit\\\";N;s:10:\\\"middleware\\\";a:0:{}s:7:\\\"chained\\\";a:0:{}}\"}}', 'Error: Class \"App\\Jobs\\Mail\" not found in /Applications/MAMP/htdocs/-n-laravel/app/Jobs/SendMail.php:34\nStack trace:\n#0 /Applications/MAMP/htdocs/-n-laravel/vendor/laravel/framework/src/Illuminate/Container/BoundMethod.php(36): App\\Jobs\\SendMail->handle()\n#1 /Applications/MAMP/htdocs/-n-laravel/vendor/laravel/framework/src/Illuminate/Container/Util.php(40): Illuminate\\Container\\BoundMethod::Illuminate\\Container\\{closure}()\n#2 /Applications/MAMP/htdocs/-n-laravel/vendor/laravel/framework/src/Illuminate/Container/BoundMethod.php(93): Illuminate\\Container\\Util::unwrapIfClosure(Object(Closure))\n#3 /Applications/MAMP/htdocs/-n-laravel/vendor/laravel/framework/src/Illuminate/Container/BoundMethod.php(35): Illuminate\\Container\\BoundMethod::callBoundMethod(Object(Illuminate\\Foundation\\Application), Array, Object(Closure))\n#4 /Applications/MAMP/htdocs/-n-laravel/vendor/laravel/framework/src/Illuminate/Container/Container.php(653): Illuminate\\Container\\BoundMethod::call(Object(Illuminate\\Foundation\\Application), Array, Array, NULL)\n#5 /Applications/MAMP/htdocs/-n-laravel/vendor/laravel/framework/src/Illuminate/Bus/Dispatcher.php(128): Illuminate\\Container\\Container->call(Array)\n#6 /Applications/MAMP/htdocs/-n-laravel/vendor/laravel/framework/src/Illuminate/Pipeline/Pipeline.php(128): Illuminate\\Bus\\Dispatcher->Illuminate\\Bus\\{closure}(Object(App\\Jobs\\SendMail))\n#7 /Applications/MAMP/htdocs/-n-laravel/vendor/laravel/framework/src/Illuminate/Pipeline/Pipeline.php(103): Illuminate\\Pipeline\\Pipeline->Illuminate\\Pipeline\\{closure}(Object(App\\Jobs\\SendMail))\n#8 /Applications/MAMP/htdocs/-n-laravel/vendor/laravel/framework/src/Illuminate/Bus/Dispatcher.php(132): Illuminate\\Pipeline\\Pipeline->then(Object(Closure))\n#9 /Applications/MAMP/htdocs/-n-laravel/vendor/laravel/framework/src/Illuminate/Queue/CallQueuedHandler.php(119): Illuminate\\Bus\\Dispatcher->dispatchNow(Object(App\\Jobs\\SendMail), false)\n#10 /Applications/MAMP/htdocs/-n-laravel/vendor/laravel/framework/src/Illuminate/Pipeline/Pipeline.php(128): Illuminate\\Queue\\CallQueuedHandler->Illuminate\\Queue\\{closure}(Object(App\\Jobs\\SendMail))\n#11 /Applications/MAMP/htdocs/-n-laravel/vendor/laravel/framework/src/Illuminate/Pipeline/Pipeline.php(103): Illuminate\\Pipeline\\Pipeline->Illuminate\\Pipeline\\{closure}(Object(App\\Jobs\\SendMail))\n#12 /Applications/MAMP/htdocs/-n-laravel/vendor/laravel/framework/src/Illuminate/Queue/CallQueuedHandler.php(118): Illuminate\\Pipeline\\Pipeline->then(Object(Closure))\n#13 /Applications/MAMP/htdocs/-n-laravel/vendor/laravel/framework/src/Illuminate/Queue/CallQueuedHandler.php(70): Illuminate\\Queue\\CallQueuedHandler->dispatchThroughMiddleware(Object(Illuminate\\Queue\\Jobs\\DatabaseJob), Object(App\\Jobs\\SendMail))\n#14 /Applications/MAMP/htdocs/-n-laravel/vendor/laravel/framework/src/Illuminate/Queue/Jobs/Job.php(98): Illuminate\\Queue\\CallQueuedHandler->call(Object(Illuminate\\Queue\\Jobs\\DatabaseJob), Array)\n#15 /Applications/MAMP/htdocs/-n-laravel/vendor/laravel/framework/src/Illuminate/Queue/Worker.php(428): Illuminate\\Queue\\Jobs\\Job->fire()\n#16 /Applications/MAMP/htdocs/-n-laravel/vendor/laravel/framework/src/Illuminate/Queue/Worker.php(378): Illuminate\\Queue\\Worker->process(\'database\', Object(Illuminate\\Queue\\Jobs\\DatabaseJob), Object(Illuminate\\Queue\\WorkerOptions))\n#17 /Applications/MAMP/htdocs/-n-laravel/vendor/laravel/framework/src/Illuminate/Queue/Worker.php(172): Illuminate\\Queue\\Worker->runJob(Object(Illuminate\\Queue\\Jobs\\DatabaseJob), \'database\', Object(Illuminate\\Queue\\WorkerOptions))\n#18 /Applications/MAMP/htdocs/-n-laravel/vendor/laravel/framework/src/Illuminate/Queue/Console/WorkCommand.php(116): Illuminate\\Queue\\Worker->daemon(\'database\', \'default\', Object(Illuminate\\Queue\\WorkerOptions))\n#19 /Applications/MAMP/htdocs/-n-laravel/vendor/laravel/framework/src/Illuminate/Queue/Console/WorkCommand.php(100): Illuminate\\Queue\\Console\\WorkCommand->runWorker(\'database\', \'default\')\n#20 /Applications/MAMP/htdocs/-n-laravel/vendor/laravel/framework/src/Illuminate/Container/BoundMethod.php(36): Illuminate\\Queue\\Console\\WorkCommand->handle()\n#21 /Applications/MAMP/htdocs/-n-laravel/vendor/laravel/framework/src/Illuminate/Container/Util.php(40): Illuminate\\Container\\BoundMethod::Illuminate\\Container\\{closure}()\n#22 /Applications/MAMP/htdocs/-n-laravel/vendor/laravel/framework/src/Illuminate/Container/BoundMethod.php(93): Illuminate\\Container\\Util::unwrapIfClosure(Object(Closure))\n#23 /Applications/MAMP/htdocs/-n-laravel/vendor/laravel/framework/src/Illuminate/Container/BoundMethod.php(35): Illuminate\\Container\\BoundMethod::callBoundMethod(Object(Illuminate\\Foundation\\Application), Array, Object(Closure))\n#24 /Applications/MAMP/htdocs/-n-laravel/vendor/laravel/framework/src/Illuminate/Container/Container.php(653): Illuminate\\Container\\BoundMethod::call(Object(Illuminate\\Foundation\\Application), Array, Array, NULL)\n#25 /Applications/MAMP/htdocs/-n-laravel/vendor/laravel/framework/src/Illuminate/Console/Command.php(136): Illuminate\\Container\\Container->call(Array)\n#26 /Applications/MAMP/htdocs/-n-laravel/vendor/symfony/console/Command/Command.php(298): Illuminate\\Console\\Command->execute(Object(Symfony\\Component\\Console\\Input\\ArgvInput), Object(Illuminate\\Console\\OutputStyle))\n#27 /Applications/MAMP/htdocs/-n-laravel/vendor/laravel/framework/src/Illuminate/Console/Command.php(120): Symfony\\Component\\Console\\Command\\Command->run(Object(Symfony\\Component\\Console\\Input\\ArgvInput), Object(Illuminate\\Console\\OutputStyle))\n#28 /Applications/MAMP/htdocs/-n-laravel/vendor/symfony/console/Application.php(1040): Illuminate\\Console\\Command->run(Object(Symfony\\Component\\Console\\Input\\ArgvInput), Object(Symfony\\Component\\Console\\Output\\ConsoleOutput))\n#29 /Applications/MAMP/htdocs/-n-laravel/vendor/symfony/console/Application.php(301): Symfony\\Component\\Console\\Application->doRunCommand(Object(Illuminate\\Queue\\Console\\WorkCommand), Object(Symfony\\Component\\Console\\Input\\ArgvInput), Object(Symfony\\Component\\Console\\Output\\ConsoleOutput))\n#30 /Applications/MAMP/htdocs/-n-laravel/vendor/symfony/console/Application.php(171): Symfony\\Component\\Console\\Application->doRun(Object(Symfony\\Component\\Console\\Input\\ArgvInput), Object(Symfony\\Component\\Console\\Output\\ConsoleOutput))\n#31 /Applications/MAMP/htdocs/-n-laravel/vendor/laravel/framework/src/Illuminate/Console/Application.php(94): Symfony\\Component\\Console\\Application->run(Object(Symfony\\Component\\Console\\Input\\ArgvInput), Object(Symfony\\Component\\Console\\Output\\ConsoleOutput))\n#32 /Applications/MAMP/htdocs/-n-laravel/vendor/laravel/framework/src/Illuminate/Foundation/Console/Kernel.php(129): Illuminate\\Console\\Application->run(Object(Symfony\\Component\\Console\\Input\\ArgvInput), Object(Symfony\\Component\\Console\\Output\\ConsoleOutput))\n#33 /Applications/MAMP/htdocs/-n-laravel/artisan(35): Illuminate\\Foundation\\Console\\Kernel->handle(Object(Symfony\\Component\\Console\\Input\\ArgvInput), Object(Symfony\\Component\\Console\\Output\\ConsoleOutput))\n#34 {main}', '2024-04-24 23:54:37');
INSERT INTO `failed_jobs` (`id`, `uuid`, `connection`, `queue`, `payload`, `exception`, `failed_at`) VALUES
(7, '28f868e8-b810-4b66-96d9-f56ad4df7226', 'database', 'default', '{\"uuid\":\"28f868e8-b810-4b66-96d9-f56ad4df7226\",\"displayName\":\"App\\\\Jobs\\\\SendMail\",\"job\":\"Illuminate\\\\Queue\\\\CallQueuedHandler@call\",\"maxTries\":null,\"maxExceptions\":null,\"failOnTimeout\":false,\"backoff\":null,\"timeout\":null,\"retryUntil\":null,\"data\":{\"commandName\":\"App\\\\Jobs\\\\SendMail\",\"command\":\"O:17:\\\"App\\\\Jobs\\\\SendMail\\\":11:{s:8:\\\"\\u0000*\\u0000email\\\";s:27:\\\"nguyenhieploi2001@gmail.com\\\";s:3:\\\"job\\\";N;s:10:\\\"connection\\\";N;s:5:\\\"queue\\\";N;s:15:\\\"chainConnection\\\";N;s:10:\\\"chainQueue\\\";N;s:19:\\\"chainCatchCallbacks\\\";N;s:5:\\\"delay\\\";O:25:\\\"Illuminate\\\\Support\\\\Carbon\\\":3:{s:4:\\\"date\\\";s:26:\\\"2024-04-25 06:56:30.432122\\\";s:13:\\\"timezone_type\\\";i:3;s:8:\\\"timezone\\\";s:3:\\\"UTC\\\";}s:11:\\\"afterCommit\\\";N;s:10:\\\"middleware\\\";a:0:{}s:7:\\\"chained\\\";a:0:{}}\"}}', 'Error: Class \"App\\Jobs\\Mail\" not found in /Applications/MAMP/htdocs/-n-laravel/app/Jobs/SendMail.php:34\nStack trace:\n#0 /Applications/MAMP/htdocs/-n-laravel/vendor/laravel/framework/src/Illuminate/Container/BoundMethod.php(36): App\\Jobs\\SendMail->handle()\n#1 /Applications/MAMP/htdocs/-n-laravel/vendor/laravel/framework/src/Illuminate/Container/Util.php(40): Illuminate\\Container\\BoundMethod::Illuminate\\Container\\{closure}()\n#2 /Applications/MAMP/htdocs/-n-laravel/vendor/laravel/framework/src/Illuminate/Container/BoundMethod.php(93): Illuminate\\Container\\Util::unwrapIfClosure(Object(Closure))\n#3 /Applications/MAMP/htdocs/-n-laravel/vendor/laravel/framework/src/Illuminate/Container/BoundMethod.php(35): Illuminate\\Container\\BoundMethod::callBoundMethod(Object(Illuminate\\Foundation\\Application), Array, Object(Closure))\n#4 /Applications/MAMP/htdocs/-n-laravel/vendor/laravel/framework/src/Illuminate/Container/Container.php(653): Illuminate\\Container\\BoundMethod::call(Object(Illuminate\\Foundation\\Application), Array, Array, NULL)\n#5 /Applications/MAMP/htdocs/-n-laravel/vendor/laravel/framework/src/Illuminate/Bus/Dispatcher.php(128): Illuminate\\Container\\Container->call(Array)\n#6 /Applications/MAMP/htdocs/-n-laravel/vendor/laravel/framework/src/Illuminate/Pipeline/Pipeline.php(128): Illuminate\\Bus\\Dispatcher->Illuminate\\Bus\\{closure}(Object(App\\Jobs\\SendMail))\n#7 /Applications/MAMP/htdocs/-n-laravel/vendor/laravel/framework/src/Illuminate/Pipeline/Pipeline.php(103): Illuminate\\Pipeline\\Pipeline->Illuminate\\Pipeline\\{closure}(Object(App\\Jobs\\SendMail))\n#8 /Applications/MAMP/htdocs/-n-laravel/vendor/laravel/framework/src/Illuminate/Bus/Dispatcher.php(132): Illuminate\\Pipeline\\Pipeline->then(Object(Closure))\n#9 /Applications/MAMP/htdocs/-n-laravel/vendor/laravel/framework/src/Illuminate/Queue/CallQueuedHandler.php(119): Illuminate\\Bus\\Dispatcher->dispatchNow(Object(App\\Jobs\\SendMail), false)\n#10 /Applications/MAMP/htdocs/-n-laravel/vendor/laravel/framework/src/Illuminate/Pipeline/Pipeline.php(128): Illuminate\\Queue\\CallQueuedHandler->Illuminate\\Queue\\{closure}(Object(App\\Jobs\\SendMail))\n#11 /Applications/MAMP/htdocs/-n-laravel/vendor/laravel/framework/src/Illuminate/Pipeline/Pipeline.php(103): Illuminate\\Pipeline\\Pipeline->Illuminate\\Pipeline\\{closure}(Object(App\\Jobs\\SendMail))\n#12 /Applications/MAMP/htdocs/-n-laravel/vendor/laravel/framework/src/Illuminate/Queue/CallQueuedHandler.php(118): Illuminate\\Pipeline\\Pipeline->then(Object(Closure))\n#13 /Applications/MAMP/htdocs/-n-laravel/vendor/laravel/framework/src/Illuminate/Queue/CallQueuedHandler.php(70): Illuminate\\Queue\\CallQueuedHandler->dispatchThroughMiddleware(Object(Illuminate\\Queue\\Jobs\\DatabaseJob), Object(App\\Jobs\\SendMail))\n#14 /Applications/MAMP/htdocs/-n-laravel/vendor/laravel/framework/src/Illuminate/Queue/Jobs/Job.php(98): Illuminate\\Queue\\CallQueuedHandler->call(Object(Illuminate\\Queue\\Jobs\\DatabaseJob), Array)\n#15 /Applications/MAMP/htdocs/-n-laravel/vendor/laravel/framework/src/Illuminate/Queue/Worker.php(428): Illuminate\\Queue\\Jobs\\Job->fire()\n#16 /Applications/MAMP/htdocs/-n-laravel/vendor/laravel/framework/src/Illuminate/Queue/Worker.php(378): Illuminate\\Queue\\Worker->process(\'database\', Object(Illuminate\\Queue\\Jobs\\DatabaseJob), Object(Illuminate\\Queue\\WorkerOptions))\n#17 /Applications/MAMP/htdocs/-n-laravel/vendor/laravel/framework/src/Illuminate/Queue/Worker.php(172): Illuminate\\Queue\\Worker->runJob(Object(Illuminate\\Queue\\Jobs\\DatabaseJob), \'database\', Object(Illuminate\\Queue\\WorkerOptions))\n#18 /Applications/MAMP/htdocs/-n-laravel/vendor/laravel/framework/src/Illuminate/Queue/Console/WorkCommand.php(116): Illuminate\\Queue\\Worker->daemon(\'database\', \'default\', Object(Illuminate\\Queue\\WorkerOptions))\n#19 /Applications/MAMP/htdocs/-n-laravel/vendor/laravel/framework/src/Illuminate/Queue/Console/WorkCommand.php(100): Illuminate\\Queue\\Console\\WorkCommand->runWorker(\'database\', \'default\')\n#20 /Applications/MAMP/htdocs/-n-laravel/vendor/laravel/framework/src/Illuminate/Container/BoundMethod.php(36): Illuminate\\Queue\\Console\\WorkCommand->handle()\n#21 /Applications/MAMP/htdocs/-n-laravel/vendor/laravel/framework/src/Illuminate/Container/Util.php(40): Illuminate\\Container\\BoundMethod::Illuminate\\Container\\{closure}()\n#22 /Applications/MAMP/htdocs/-n-laravel/vendor/laravel/framework/src/Illuminate/Container/BoundMethod.php(93): Illuminate\\Container\\Util::unwrapIfClosure(Object(Closure))\n#23 /Applications/MAMP/htdocs/-n-laravel/vendor/laravel/framework/src/Illuminate/Container/BoundMethod.php(35): Illuminate\\Container\\BoundMethod::callBoundMethod(Object(Illuminate\\Foundation\\Application), Array, Object(Closure))\n#24 /Applications/MAMP/htdocs/-n-laravel/vendor/laravel/framework/src/Illuminate/Container/Container.php(653): Illuminate\\Container\\BoundMethod::call(Object(Illuminate\\Foundation\\Application), Array, Array, NULL)\n#25 /Applications/MAMP/htdocs/-n-laravel/vendor/laravel/framework/src/Illuminate/Console/Command.php(136): Illuminate\\Container\\Container->call(Array)\n#26 /Applications/MAMP/htdocs/-n-laravel/vendor/symfony/console/Command/Command.php(298): Illuminate\\Console\\Command->execute(Object(Symfony\\Component\\Console\\Input\\ArgvInput), Object(Illuminate\\Console\\OutputStyle))\n#27 /Applications/MAMP/htdocs/-n-laravel/vendor/laravel/framework/src/Illuminate/Console/Command.php(120): Symfony\\Component\\Console\\Command\\Command->run(Object(Symfony\\Component\\Console\\Input\\ArgvInput), Object(Illuminate\\Console\\OutputStyle))\n#28 /Applications/MAMP/htdocs/-n-laravel/vendor/symfony/console/Application.php(1040): Illuminate\\Console\\Command->run(Object(Symfony\\Component\\Console\\Input\\ArgvInput), Object(Symfony\\Component\\Console\\Output\\ConsoleOutput))\n#29 /Applications/MAMP/htdocs/-n-laravel/vendor/symfony/console/Application.php(301): Symfony\\Component\\Console\\Application->doRunCommand(Object(Illuminate\\Queue\\Console\\WorkCommand), Object(Symfony\\Component\\Console\\Input\\ArgvInput), Object(Symfony\\Component\\Console\\Output\\ConsoleOutput))\n#30 /Applications/MAMP/htdocs/-n-laravel/vendor/symfony/console/Application.php(171): Symfony\\Component\\Console\\Application->doRun(Object(Symfony\\Component\\Console\\Input\\ArgvInput), Object(Symfony\\Component\\Console\\Output\\ConsoleOutput))\n#31 /Applications/MAMP/htdocs/-n-laravel/vendor/laravel/framework/src/Illuminate/Console/Application.php(94): Symfony\\Component\\Console\\Application->run(Object(Symfony\\Component\\Console\\Input\\ArgvInput), Object(Symfony\\Component\\Console\\Output\\ConsoleOutput))\n#32 /Applications/MAMP/htdocs/-n-laravel/vendor/laravel/framework/src/Illuminate/Foundation/Console/Kernel.php(129): Illuminate\\Console\\Application->run(Object(Symfony\\Component\\Console\\Input\\ArgvInput), Object(Symfony\\Component\\Console\\Output\\ConsoleOutput))\n#33 /Applications/MAMP/htdocs/-n-laravel/artisan(35): Illuminate\\Foundation\\Console\\Kernel->handle(Object(Symfony\\Component\\Console\\Input\\ArgvInput), Object(Symfony\\Component\\Console\\Output\\ConsoleOutput))\n#34 {main}', '2024-04-24 23:56:31'),
(8, '89b4014f-3346-4274-886a-c169f10e38d4', 'database', 'default', '{\"uuid\":\"89b4014f-3346-4274-886a-c169f10e38d4\",\"displayName\":\"App\\\\Jobs\\\\SendMail\",\"job\":\"Illuminate\\\\Queue\\\\CallQueuedHandler@call\",\"maxTries\":null,\"maxExceptions\":null,\"failOnTimeout\":false,\"backoff\":null,\"timeout\":null,\"retryUntil\":null,\"data\":{\"commandName\":\"App\\\\Jobs\\\\SendMail\",\"command\":\"O:17:\\\"App\\\\Jobs\\\\SendMail\\\":11:{s:8:\\\"\\u0000*\\u0000email\\\";s:27:\\\"nguyenhieploi2001@gmail.com\\\";s:3:\\\"job\\\";N;s:10:\\\"connection\\\";N;s:5:\\\"queue\\\";N;s:15:\\\"chainConnection\\\";N;s:10:\\\"chainQueue\\\";N;s:19:\\\"chainCatchCallbacks\\\";N;s:5:\\\"delay\\\";O:25:\\\"Illuminate\\\\Support\\\\Carbon\\\":3:{s:4:\\\"date\\\";s:26:\\\"2024-04-25 07:05:48.168744\\\";s:13:\\\"timezone_type\\\";i:3;s:8:\\\"timezone\\\";s:3:\\\"UTC\\\";}s:11:\\\"afterCommit\\\";N;s:10:\\\"middleware\\\";a:0:{}s:7:\\\"chained\\\";a:0:{}}\"}}', 'Error: Class \"App\\Jobs\\Mail\" not found in /Applications/MAMP/htdocs/-n-laravel/app/Jobs/SendMail.php:34\nStack trace:\n#0 /Applications/MAMP/htdocs/-n-laravel/vendor/laravel/framework/src/Illuminate/Container/BoundMethod.php(36): App\\Jobs\\SendMail->handle()\n#1 /Applications/MAMP/htdocs/-n-laravel/vendor/laravel/framework/src/Illuminate/Container/Util.php(40): Illuminate\\Container\\BoundMethod::Illuminate\\Container\\{closure}()\n#2 /Applications/MAMP/htdocs/-n-laravel/vendor/laravel/framework/src/Illuminate/Container/BoundMethod.php(93): Illuminate\\Container\\Util::unwrapIfClosure(Object(Closure))\n#3 /Applications/MAMP/htdocs/-n-laravel/vendor/laravel/framework/src/Illuminate/Container/BoundMethod.php(35): Illuminate\\Container\\BoundMethod::callBoundMethod(Object(Illuminate\\Foundation\\Application), Array, Object(Closure))\n#4 /Applications/MAMP/htdocs/-n-laravel/vendor/laravel/framework/src/Illuminate/Container/Container.php(653): Illuminate\\Container\\BoundMethod::call(Object(Illuminate\\Foundation\\Application), Array, Array, NULL)\n#5 /Applications/MAMP/htdocs/-n-laravel/vendor/laravel/framework/src/Illuminate/Bus/Dispatcher.php(128): Illuminate\\Container\\Container->call(Array)\n#6 /Applications/MAMP/htdocs/-n-laravel/vendor/laravel/framework/src/Illuminate/Pipeline/Pipeline.php(128): Illuminate\\Bus\\Dispatcher->Illuminate\\Bus\\{closure}(Object(App\\Jobs\\SendMail))\n#7 /Applications/MAMP/htdocs/-n-laravel/vendor/laravel/framework/src/Illuminate/Pipeline/Pipeline.php(103): Illuminate\\Pipeline\\Pipeline->Illuminate\\Pipeline\\{closure}(Object(App\\Jobs\\SendMail))\n#8 /Applications/MAMP/htdocs/-n-laravel/vendor/laravel/framework/src/Illuminate/Bus/Dispatcher.php(132): Illuminate\\Pipeline\\Pipeline->then(Object(Closure))\n#9 /Applications/MAMP/htdocs/-n-laravel/vendor/laravel/framework/src/Illuminate/Queue/CallQueuedHandler.php(119): Illuminate\\Bus\\Dispatcher->dispatchNow(Object(App\\Jobs\\SendMail), false)\n#10 /Applications/MAMP/htdocs/-n-laravel/vendor/laravel/framework/src/Illuminate/Pipeline/Pipeline.php(128): Illuminate\\Queue\\CallQueuedHandler->Illuminate\\Queue\\{closure}(Object(App\\Jobs\\SendMail))\n#11 /Applications/MAMP/htdocs/-n-laravel/vendor/laravel/framework/src/Illuminate/Pipeline/Pipeline.php(103): Illuminate\\Pipeline\\Pipeline->Illuminate\\Pipeline\\{closure}(Object(App\\Jobs\\SendMail))\n#12 /Applications/MAMP/htdocs/-n-laravel/vendor/laravel/framework/src/Illuminate/Queue/CallQueuedHandler.php(118): Illuminate\\Pipeline\\Pipeline->then(Object(Closure))\n#13 /Applications/MAMP/htdocs/-n-laravel/vendor/laravel/framework/src/Illuminate/Queue/CallQueuedHandler.php(70): Illuminate\\Queue\\CallQueuedHandler->dispatchThroughMiddleware(Object(Illuminate\\Queue\\Jobs\\DatabaseJob), Object(App\\Jobs\\SendMail))\n#14 /Applications/MAMP/htdocs/-n-laravel/vendor/laravel/framework/src/Illuminate/Queue/Jobs/Job.php(98): Illuminate\\Queue\\CallQueuedHandler->call(Object(Illuminate\\Queue\\Jobs\\DatabaseJob), Array)\n#15 /Applications/MAMP/htdocs/-n-laravel/vendor/laravel/framework/src/Illuminate/Queue/Worker.php(428): Illuminate\\Queue\\Jobs\\Job->fire()\n#16 /Applications/MAMP/htdocs/-n-laravel/vendor/laravel/framework/src/Illuminate/Queue/Worker.php(378): Illuminate\\Queue\\Worker->process(\'database\', Object(Illuminate\\Queue\\Jobs\\DatabaseJob), Object(Illuminate\\Queue\\WorkerOptions))\n#17 /Applications/MAMP/htdocs/-n-laravel/vendor/laravel/framework/src/Illuminate/Queue/Worker.php(172): Illuminate\\Queue\\Worker->runJob(Object(Illuminate\\Queue\\Jobs\\DatabaseJob), \'database\', Object(Illuminate\\Queue\\WorkerOptions))\n#18 /Applications/MAMP/htdocs/-n-laravel/vendor/laravel/framework/src/Illuminate/Queue/Console/WorkCommand.php(116): Illuminate\\Queue\\Worker->daemon(\'database\', \'default\', Object(Illuminate\\Queue\\WorkerOptions))\n#19 /Applications/MAMP/htdocs/-n-laravel/vendor/laravel/framework/src/Illuminate/Queue/Console/WorkCommand.php(100): Illuminate\\Queue\\Console\\WorkCommand->runWorker(\'database\', \'default\')\n#20 /Applications/MAMP/htdocs/-n-laravel/vendor/laravel/framework/src/Illuminate/Container/BoundMethod.php(36): Illuminate\\Queue\\Console\\WorkCommand->handle()\n#21 /Applications/MAMP/htdocs/-n-laravel/vendor/laravel/framework/src/Illuminate/Container/Util.php(40): Illuminate\\Container\\BoundMethod::Illuminate\\Container\\{closure}()\n#22 /Applications/MAMP/htdocs/-n-laravel/vendor/laravel/framework/src/Illuminate/Container/BoundMethod.php(93): Illuminate\\Container\\Util::unwrapIfClosure(Object(Closure))\n#23 /Applications/MAMP/htdocs/-n-laravel/vendor/laravel/framework/src/Illuminate/Container/BoundMethod.php(35): Illuminate\\Container\\BoundMethod::callBoundMethod(Object(Illuminate\\Foundation\\Application), Array, Object(Closure))\n#24 /Applications/MAMP/htdocs/-n-laravel/vendor/laravel/framework/src/Illuminate/Container/Container.php(653): Illuminate\\Container\\BoundMethod::call(Object(Illuminate\\Foundation\\Application), Array, Array, NULL)\n#25 /Applications/MAMP/htdocs/-n-laravel/vendor/laravel/framework/src/Illuminate/Console/Command.php(136): Illuminate\\Container\\Container->call(Array)\n#26 /Applications/MAMP/htdocs/-n-laravel/vendor/symfony/console/Command/Command.php(298): Illuminate\\Console\\Command->execute(Object(Symfony\\Component\\Console\\Input\\ArgvInput), Object(Illuminate\\Console\\OutputStyle))\n#27 /Applications/MAMP/htdocs/-n-laravel/vendor/laravel/framework/src/Illuminate/Console/Command.php(120): Symfony\\Component\\Console\\Command\\Command->run(Object(Symfony\\Component\\Console\\Input\\ArgvInput), Object(Illuminate\\Console\\OutputStyle))\n#28 /Applications/MAMP/htdocs/-n-laravel/vendor/symfony/console/Application.php(1040): Illuminate\\Console\\Command->run(Object(Symfony\\Component\\Console\\Input\\ArgvInput), Object(Symfony\\Component\\Console\\Output\\ConsoleOutput))\n#29 /Applications/MAMP/htdocs/-n-laravel/vendor/symfony/console/Application.php(301): Symfony\\Component\\Console\\Application->doRunCommand(Object(Illuminate\\Queue\\Console\\WorkCommand), Object(Symfony\\Component\\Console\\Input\\ArgvInput), Object(Symfony\\Component\\Console\\Output\\ConsoleOutput))\n#30 /Applications/MAMP/htdocs/-n-laravel/vendor/symfony/console/Application.php(171): Symfony\\Component\\Console\\Application->doRun(Object(Symfony\\Component\\Console\\Input\\ArgvInput), Object(Symfony\\Component\\Console\\Output\\ConsoleOutput))\n#31 /Applications/MAMP/htdocs/-n-laravel/vendor/laravel/framework/src/Illuminate/Console/Application.php(94): Symfony\\Component\\Console\\Application->run(Object(Symfony\\Component\\Console\\Input\\ArgvInput), Object(Symfony\\Component\\Console\\Output\\ConsoleOutput))\n#32 /Applications/MAMP/htdocs/-n-laravel/vendor/laravel/framework/src/Illuminate/Foundation/Console/Kernel.php(129): Illuminate\\Console\\Application->run(Object(Symfony\\Component\\Console\\Input\\ArgvInput), Object(Symfony\\Component\\Console\\Output\\ConsoleOutput))\n#33 /Applications/MAMP/htdocs/-n-laravel/artisan(35): Illuminate\\Foundation\\Console\\Kernel->handle(Object(Symfony\\Component\\Console\\Input\\ArgvInput), Object(Symfony\\Component\\Console\\Output\\ConsoleOutput))\n#34 {main}', '2024-04-25 00:05:48'),
(9, '2ba43698-c73a-49b4-98e2-e11fdd8d923c', 'database', 'default', '{\"uuid\":\"2ba43698-c73a-49b4-98e2-e11fdd8d923c\",\"displayName\":\"App\\\\Jobs\\\\SendMail\",\"job\":\"Illuminate\\\\Queue\\\\CallQueuedHandler@call\",\"maxTries\":null,\"maxExceptions\":null,\"failOnTimeout\":false,\"backoff\":null,\"timeout\":null,\"retryUntil\":null,\"data\":{\"commandName\":\"App\\\\Jobs\\\\SendMail\",\"command\":\"O:17:\\\"App\\\\Jobs\\\\SendMail\\\":11:{s:8:\\\"\\u0000*\\u0000email\\\";s:27:\\\"nguyenhieploi2001@gmail.com\\\";s:3:\\\"job\\\";N;s:10:\\\"connection\\\";N;s:5:\\\"queue\\\";N;s:15:\\\"chainConnection\\\";N;s:10:\\\"chainQueue\\\";N;s:19:\\\"chainCatchCallbacks\\\";N;s:5:\\\"delay\\\";O:25:\\\"Illuminate\\\\Support\\\\Carbon\\\":3:{s:4:\\\"date\\\";s:26:\\\"2024-04-25 07:07:30.000208\\\";s:13:\\\"timezone_type\\\";i:3;s:8:\\\"timezone\\\";s:3:\\\"UTC\\\";}s:11:\\\"afterCommit\\\";N;s:10:\\\"middleware\\\";a:0:{}s:7:\\\"chained\\\";a:0:{}}\"}}', 'Error: Class \"App\\Jobs\\Mail\" not found in /Applications/MAMP/htdocs/-n-laravel/app/Jobs/SendMail.php:34\nStack trace:\n#0 /Applications/MAMP/htdocs/-n-laravel/vendor/laravel/framework/src/Illuminate/Container/BoundMethod.php(36): App\\Jobs\\SendMail->handle()\n#1 /Applications/MAMP/htdocs/-n-laravel/vendor/laravel/framework/src/Illuminate/Container/Util.php(40): Illuminate\\Container\\BoundMethod::Illuminate\\Container\\{closure}()\n#2 /Applications/MAMP/htdocs/-n-laravel/vendor/laravel/framework/src/Illuminate/Container/BoundMethod.php(93): Illuminate\\Container\\Util::unwrapIfClosure(Object(Closure))\n#3 /Applications/MAMP/htdocs/-n-laravel/vendor/laravel/framework/src/Illuminate/Container/BoundMethod.php(35): Illuminate\\Container\\BoundMethod::callBoundMethod(Object(Illuminate\\Foundation\\Application), Array, Object(Closure))\n#4 /Applications/MAMP/htdocs/-n-laravel/vendor/laravel/framework/src/Illuminate/Container/Container.php(653): Illuminate\\Container\\BoundMethod::call(Object(Illuminate\\Foundation\\Application), Array, Array, NULL)\n#5 /Applications/MAMP/htdocs/-n-laravel/vendor/laravel/framework/src/Illuminate/Bus/Dispatcher.php(128): Illuminate\\Container\\Container->call(Array)\n#6 /Applications/MAMP/htdocs/-n-laravel/vendor/laravel/framework/src/Illuminate/Pipeline/Pipeline.php(128): Illuminate\\Bus\\Dispatcher->Illuminate\\Bus\\{closure}(Object(App\\Jobs\\SendMail))\n#7 /Applications/MAMP/htdocs/-n-laravel/vendor/laravel/framework/src/Illuminate/Pipeline/Pipeline.php(103): Illuminate\\Pipeline\\Pipeline->Illuminate\\Pipeline\\{closure}(Object(App\\Jobs\\SendMail))\n#8 /Applications/MAMP/htdocs/-n-laravel/vendor/laravel/framework/src/Illuminate/Bus/Dispatcher.php(132): Illuminate\\Pipeline\\Pipeline->then(Object(Closure))\n#9 /Applications/MAMP/htdocs/-n-laravel/vendor/laravel/framework/src/Illuminate/Queue/CallQueuedHandler.php(119): Illuminate\\Bus\\Dispatcher->dispatchNow(Object(App\\Jobs\\SendMail), false)\n#10 /Applications/MAMP/htdocs/-n-laravel/vendor/laravel/framework/src/Illuminate/Pipeline/Pipeline.php(128): Illuminate\\Queue\\CallQueuedHandler->Illuminate\\Queue\\{closure}(Object(App\\Jobs\\SendMail))\n#11 /Applications/MAMP/htdocs/-n-laravel/vendor/laravel/framework/src/Illuminate/Pipeline/Pipeline.php(103): Illuminate\\Pipeline\\Pipeline->Illuminate\\Pipeline\\{closure}(Object(App\\Jobs\\SendMail))\n#12 /Applications/MAMP/htdocs/-n-laravel/vendor/laravel/framework/src/Illuminate/Queue/CallQueuedHandler.php(118): Illuminate\\Pipeline\\Pipeline->then(Object(Closure))\n#13 /Applications/MAMP/htdocs/-n-laravel/vendor/laravel/framework/src/Illuminate/Queue/CallQueuedHandler.php(70): Illuminate\\Queue\\CallQueuedHandler->dispatchThroughMiddleware(Object(Illuminate\\Queue\\Jobs\\DatabaseJob), Object(App\\Jobs\\SendMail))\n#14 /Applications/MAMP/htdocs/-n-laravel/vendor/laravel/framework/src/Illuminate/Queue/Jobs/Job.php(98): Illuminate\\Queue\\CallQueuedHandler->call(Object(Illuminate\\Queue\\Jobs\\DatabaseJob), Array)\n#15 /Applications/MAMP/htdocs/-n-laravel/vendor/laravel/framework/src/Illuminate/Queue/Worker.php(428): Illuminate\\Queue\\Jobs\\Job->fire()\n#16 /Applications/MAMP/htdocs/-n-laravel/vendor/laravel/framework/src/Illuminate/Queue/Worker.php(378): Illuminate\\Queue\\Worker->process(\'database\', Object(Illuminate\\Queue\\Jobs\\DatabaseJob), Object(Illuminate\\Queue\\WorkerOptions))\n#17 /Applications/MAMP/htdocs/-n-laravel/vendor/laravel/framework/src/Illuminate/Queue/Worker.php(172): Illuminate\\Queue\\Worker->runJob(Object(Illuminate\\Queue\\Jobs\\DatabaseJob), \'database\', Object(Illuminate\\Queue\\WorkerOptions))\n#18 /Applications/MAMP/htdocs/-n-laravel/vendor/laravel/framework/src/Illuminate/Queue/Console/WorkCommand.php(116): Illuminate\\Queue\\Worker->daemon(\'database\', \'default\', Object(Illuminate\\Queue\\WorkerOptions))\n#19 /Applications/MAMP/htdocs/-n-laravel/vendor/laravel/framework/src/Illuminate/Queue/Console/WorkCommand.php(100): Illuminate\\Queue\\Console\\WorkCommand->runWorker(\'database\', \'default\')\n#20 /Applications/MAMP/htdocs/-n-laravel/vendor/laravel/framework/src/Illuminate/Container/BoundMethod.php(36): Illuminate\\Queue\\Console\\WorkCommand->handle()\n#21 /Applications/MAMP/htdocs/-n-laravel/vendor/laravel/framework/src/Illuminate/Container/Util.php(40): Illuminate\\Container\\BoundMethod::Illuminate\\Container\\{closure}()\n#22 /Applications/MAMP/htdocs/-n-laravel/vendor/laravel/framework/src/Illuminate/Container/BoundMethod.php(93): Illuminate\\Container\\Util::unwrapIfClosure(Object(Closure))\n#23 /Applications/MAMP/htdocs/-n-laravel/vendor/laravel/framework/src/Illuminate/Container/BoundMethod.php(35): Illuminate\\Container\\BoundMethod::callBoundMethod(Object(Illuminate\\Foundation\\Application), Array, Object(Closure))\n#24 /Applications/MAMP/htdocs/-n-laravel/vendor/laravel/framework/src/Illuminate/Container/Container.php(653): Illuminate\\Container\\BoundMethod::call(Object(Illuminate\\Foundation\\Application), Array, Array, NULL)\n#25 /Applications/MAMP/htdocs/-n-laravel/vendor/laravel/framework/src/Illuminate/Console/Command.php(136): Illuminate\\Container\\Container->call(Array)\n#26 /Applications/MAMP/htdocs/-n-laravel/vendor/symfony/console/Command/Command.php(298): Illuminate\\Console\\Command->execute(Object(Symfony\\Component\\Console\\Input\\ArgvInput), Object(Illuminate\\Console\\OutputStyle))\n#27 /Applications/MAMP/htdocs/-n-laravel/vendor/laravel/framework/src/Illuminate/Console/Command.php(120): Symfony\\Component\\Console\\Command\\Command->run(Object(Symfony\\Component\\Console\\Input\\ArgvInput), Object(Illuminate\\Console\\OutputStyle))\n#28 /Applications/MAMP/htdocs/-n-laravel/vendor/symfony/console/Application.php(1040): Illuminate\\Console\\Command->run(Object(Symfony\\Component\\Console\\Input\\ArgvInput), Object(Symfony\\Component\\Console\\Output\\ConsoleOutput))\n#29 /Applications/MAMP/htdocs/-n-laravel/vendor/symfony/console/Application.php(301): Symfony\\Component\\Console\\Application->doRunCommand(Object(Illuminate\\Queue\\Console\\WorkCommand), Object(Symfony\\Component\\Console\\Input\\ArgvInput), Object(Symfony\\Component\\Console\\Output\\ConsoleOutput))\n#30 /Applications/MAMP/htdocs/-n-laravel/vendor/symfony/console/Application.php(171): Symfony\\Component\\Console\\Application->doRun(Object(Symfony\\Component\\Console\\Input\\ArgvInput), Object(Symfony\\Component\\Console\\Output\\ConsoleOutput))\n#31 /Applications/MAMP/htdocs/-n-laravel/vendor/laravel/framework/src/Illuminate/Console/Application.php(94): Symfony\\Component\\Console\\Application->run(Object(Symfony\\Component\\Console\\Input\\ArgvInput), Object(Symfony\\Component\\Console\\Output\\ConsoleOutput))\n#32 /Applications/MAMP/htdocs/-n-laravel/vendor/laravel/framework/src/Illuminate/Foundation/Console/Kernel.php(129): Illuminate\\Console\\Application->run(Object(Symfony\\Component\\Console\\Input\\ArgvInput), Object(Symfony\\Component\\Console\\Output\\ConsoleOutput))\n#33 /Applications/MAMP/htdocs/-n-laravel/artisan(35): Illuminate\\Foundation\\Console\\Kernel->handle(Object(Symfony\\Component\\Console\\Input\\ArgvInput), Object(Symfony\\Component\\Console\\Output\\ConsoleOutput))\n#34 {main}', '2024-04-25 00:07:30'),
(10, 'a0b198c4-7f08-4733-be76-68ea5dda610f', 'database', 'default', '{\"uuid\":\"a0b198c4-7f08-4733-be76-68ea5dda610f\",\"displayName\":\"App\\\\Jobs\\\\SendMail\",\"job\":\"Illuminate\\\\Queue\\\\CallQueuedHandler@call\",\"maxTries\":null,\"maxExceptions\":null,\"failOnTimeout\":false,\"backoff\":null,\"timeout\":null,\"retryUntil\":null,\"data\":{\"commandName\":\"App\\\\Jobs\\\\SendMail\",\"command\":\"O:17:\\\"App\\\\Jobs\\\\SendMail\\\":11:{s:8:\\\"\\u0000*\\u0000email\\\";s:27:\\\"nguyenhieploi2001@gmail.com\\\";s:3:\\\"job\\\";N;s:10:\\\"connection\\\";N;s:5:\\\"queue\\\";N;s:15:\\\"chainConnection\\\";N;s:10:\\\"chainQueue\\\";N;s:19:\\\"chainCatchCallbacks\\\";N;s:5:\\\"delay\\\";O:25:\\\"Illuminate\\\\Support\\\\Carbon\\\":3:{s:4:\\\"date\\\";s:26:\\\"2024-04-25 08:35:45.052567\\\";s:13:\\\"timezone_type\\\";i:3;s:8:\\\"timezone\\\";s:3:\\\"UTC\\\";}s:11:\\\"afterCommit\\\";N;s:10:\\\"middleware\\\";a:0:{}s:7:\\\"chained\\\";a:0:{}}\"}}', 'Error: Class \"App\\Jobs\\Mail\" not found in /Applications/MAMP/htdocs/-n-laravel/app/Jobs/SendMail.php:34\nStack trace:\n#0 /Applications/MAMP/htdocs/-n-laravel/vendor/laravel/framework/src/Illuminate/Container/BoundMethod.php(36): App\\Jobs\\SendMail->handle()\n#1 /Applications/MAMP/htdocs/-n-laravel/vendor/laravel/framework/src/Illuminate/Container/Util.php(40): Illuminate\\Container\\BoundMethod::Illuminate\\Container\\{closure}()\n#2 /Applications/MAMP/htdocs/-n-laravel/vendor/laravel/framework/src/Illuminate/Container/BoundMethod.php(93): Illuminate\\Container\\Util::unwrapIfClosure(Object(Closure))\n#3 /Applications/MAMP/htdocs/-n-laravel/vendor/laravel/framework/src/Illuminate/Container/BoundMethod.php(35): Illuminate\\Container\\BoundMethod::callBoundMethod(Object(Illuminate\\Foundation\\Application), Array, Object(Closure))\n#4 /Applications/MAMP/htdocs/-n-laravel/vendor/laravel/framework/src/Illuminate/Container/Container.php(653): Illuminate\\Container\\BoundMethod::call(Object(Illuminate\\Foundation\\Application), Array, Array, NULL)\n#5 /Applications/MAMP/htdocs/-n-laravel/vendor/laravel/framework/src/Illuminate/Bus/Dispatcher.php(128): Illuminate\\Container\\Container->call(Array)\n#6 /Applications/MAMP/htdocs/-n-laravel/vendor/laravel/framework/src/Illuminate/Pipeline/Pipeline.php(128): Illuminate\\Bus\\Dispatcher->Illuminate\\Bus\\{closure}(Object(App\\Jobs\\SendMail))\n#7 /Applications/MAMP/htdocs/-n-laravel/vendor/laravel/framework/src/Illuminate/Pipeline/Pipeline.php(103): Illuminate\\Pipeline\\Pipeline->Illuminate\\Pipeline\\{closure}(Object(App\\Jobs\\SendMail))\n#8 /Applications/MAMP/htdocs/-n-laravel/vendor/laravel/framework/src/Illuminate/Bus/Dispatcher.php(132): Illuminate\\Pipeline\\Pipeline->then(Object(Closure))\n#9 /Applications/MAMP/htdocs/-n-laravel/vendor/laravel/framework/src/Illuminate/Queue/CallQueuedHandler.php(119): Illuminate\\Bus\\Dispatcher->dispatchNow(Object(App\\Jobs\\SendMail), false)\n#10 /Applications/MAMP/htdocs/-n-laravel/vendor/laravel/framework/src/Illuminate/Pipeline/Pipeline.php(128): Illuminate\\Queue\\CallQueuedHandler->Illuminate\\Queue\\{closure}(Object(App\\Jobs\\SendMail))\n#11 /Applications/MAMP/htdocs/-n-laravel/vendor/laravel/framework/src/Illuminate/Pipeline/Pipeline.php(103): Illuminate\\Pipeline\\Pipeline->Illuminate\\Pipeline\\{closure}(Object(App\\Jobs\\SendMail))\n#12 /Applications/MAMP/htdocs/-n-laravel/vendor/laravel/framework/src/Illuminate/Queue/CallQueuedHandler.php(118): Illuminate\\Pipeline\\Pipeline->then(Object(Closure))\n#13 /Applications/MAMP/htdocs/-n-laravel/vendor/laravel/framework/src/Illuminate/Queue/CallQueuedHandler.php(70): Illuminate\\Queue\\CallQueuedHandler->dispatchThroughMiddleware(Object(Illuminate\\Queue\\Jobs\\DatabaseJob), Object(App\\Jobs\\SendMail))\n#14 /Applications/MAMP/htdocs/-n-laravel/vendor/laravel/framework/src/Illuminate/Queue/Jobs/Job.php(98): Illuminate\\Queue\\CallQueuedHandler->call(Object(Illuminate\\Queue\\Jobs\\DatabaseJob), Array)\n#15 /Applications/MAMP/htdocs/-n-laravel/vendor/laravel/framework/src/Illuminate/Queue/Worker.php(428): Illuminate\\Queue\\Jobs\\Job->fire()\n#16 /Applications/MAMP/htdocs/-n-laravel/vendor/laravel/framework/src/Illuminate/Queue/Worker.php(378): Illuminate\\Queue\\Worker->process(\'database\', Object(Illuminate\\Queue\\Jobs\\DatabaseJob), Object(Illuminate\\Queue\\WorkerOptions))\n#17 /Applications/MAMP/htdocs/-n-laravel/vendor/laravel/framework/src/Illuminate/Queue/Worker.php(172): Illuminate\\Queue\\Worker->runJob(Object(Illuminate\\Queue\\Jobs\\DatabaseJob), \'database\', Object(Illuminate\\Queue\\WorkerOptions))\n#18 /Applications/MAMP/htdocs/-n-laravel/vendor/laravel/framework/src/Illuminate/Queue/Console/WorkCommand.php(116): Illuminate\\Queue\\Worker->daemon(\'database\', \'default\', Object(Illuminate\\Queue\\WorkerOptions))\n#19 /Applications/MAMP/htdocs/-n-laravel/vendor/laravel/framework/src/Illuminate/Queue/Console/WorkCommand.php(100): Illuminate\\Queue\\Console\\WorkCommand->runWorker(\'database\', \'default\')\n#20 /Applications/MAMP/htdocs/-n-laravel/vendor/laravel/framework/src/Illuminate/Container/BoundMethod.php(36): Illuminate\\Queue\\Console\\WorkCommand->handle()\n#21 /Applications/MAMP/htdocs/-n-laravel/vendor/laravel/framework/src/Illuminate/Container/Util.php(40): Illuminate\\Container\\BoundMethod::Illuminate\\Container\\{closure}()\n#22 /Applications/MAMP/htdocs/-n-laravel/vendor/laravel/framework/src/Illuminate/Container/BoundMethod.php(93): Illuminate\\Container\\Util::unwrapIfClosure(Object(Closure))\n#23 /Applications/MAMP/htdocs/-n-laravel/vendor/laravel/framework/src/Illuminate/Container/BoundMethod.php(35): Illuminate\\Container\\BoundMethod::callBoundMethod(Object(Illuminate\\Foundation\\Application), Array, Object(Closure))\n#24 /Applications/MAMP/htdocs/-n-laravel/vendor/laravel/framework/src/Illuminate/Container/Container.php(653): Illuminate\\Container\\BoundMethod::call(Object(Illuminate\\Foundation\\Application), Array, Array, NULL)\n#25 /Applications/MAMP/htdocs/-n-laravel/vendor/laravel/framework/src/Illuminate/Console/Command.php(136): Illuminate\\Container\\Container->call(Array)\n#26 /Applications/MAMP/htdocs/-n-laravel/vendor/symfony/console/Command/Command.php(298): Illuminate\\Console\\Command->execute(Object(Symfony\\Component\\Console\\Input\\ArgvInput), Object(Illuminate\\Console\\OutputStyle))\n#27 /Applications/MAMP/htdocs/-n-laravel/vendor/laravel/framework/src/Illuminate/Console/Command.php(120): Symfony\\Component\\Console\\Command\\Command->run(Object(Symfony\\Component\\Console\\Input\\ArgvInput), Object(Illuminate\\Console\\OutputStyle))\n#28 /Applications/MAMP/htdocs/-n-laravel/vendor/symfony/console/Application.php(1040): Illuminate\\Console\\Command->run(Object(Symfony\\Component\\Console\\Input\\ArgvInput), Object(Symfony\\Component\\Console\\Output\\ConsoleOutput))\n#29 /Applications/MAMP/htdocs/-n-laravel/vendor/symfony/console/Application.php(301): Symfony\\Component\\Console\\Application->doRunCommand(Object(Illuminate\\Queue\\Console\\WorkCommand), Object(Symfony\\Component\\Console\\Input\\ArgvInput), Object(Symfony\\Component\\Console\\Output\\ConsoleOutput))\n#30 /Applications/MAMP/htdocs/-n-laravel/vendor/symfony/console/Application.php(171): Symfony\\Component\\Console\\Application->doRun(Object(Symfony\\Component\\Console\\Input\\ArgvInput), Object(Symfony\\Component\\Console\\Output\\ConsoleOutput))\n#31 /Applications/MAMP/htdocs/-n-laravel/vendor/laravel/framework/src/Illuminate/Console/Application.php(94): Symfony\\Component\\Console\\Application->run(Object(Symfony\\Component\\Console\\Input\\ArgvInput), Object(Symfony\\Component\\Console\\Output\\ConsoleOutput))\n#32 /Applications/MAMP/htdocs/-n-laravel/vendor/laravel/framework/src/Illuminate/Foundation/Console/Kernel.php(129): Illuminate\\Console\\Application->run(Object(Symfony\\Component\\Console\\Input\\ArgvInput), Object(Symfony\\Component\\Console\\Output\\ConsoleOutput))\n#33 /Applications/MAMP/htdocs/-n-laravel/artisan(35): Illuminate\\Foundation\\Console\\Kernel->handle(Object(Symfony\\Component\\Console\\Input\\ArgvInput), Object(Symfony\\Component\\Console\\Output\\ConsoleOutput))\n#34 {main}', '2024-04-25 01:35:45');

-- --------------------------------------------------------

--
-- Cấu trúc bảng cho bảng `jobs`
--

CREATE TABLE `jobs` (
  `id` bigint(20) UNSIGNED NOT NULL,
  `queue` varchar(191) COLLATE utf8mb4_unicode_ci NOT NULL,
  `payload` longtext COLLATE utf8mb4_unicode_ci NOT NULL,
  `attempts` tinyint(3) UNSIGNED NOT NULL,
  `reserved_at` int(10) UNSIGNED DEFAULT NULL,
  `available_at` int(10) UNSIGNED NOT NULL,
  `created_at` int(10) UNSIGNED NOT NULL
) ENGINE=InnoDB DEFAULT CHARSET=utf8mb4 COLLATE=utf8mb4_unicode_ci;

--
-- Đang đổ dữ liệu cho bảng `jobs`
--

INSERT INTO `jobs` (`id`, `queue`, `payload`, `attempts`, `reserved_at`, `available_at`, `created_at`) VALUES
(1, 'default', '{\"uuid\":\"9fc8ab3a-87d3-4cc9-8913-01eaeb498b13\",\"displayName\":\"App\\\\Jobs\\\\SendMail\",\"job\":\"Illuminate\\\\Queue\\\\CallQueuedHandler@call\",\"maxTries\":null,\"maxExceptions\":null,\"failOnTimeout\":false,\"backoff\":null,\"timeout\":null,\"retryUntil\":null,\"data\":{\"commandName\":\"App\\\\Jobs\\\\SendMail\",\"command\":\"O:17:\\\"App\\\\Jobs\\\\SendMail\\\":11:{s:8:\\\"\\u0000*\\u0000email\\\";s:27:\\\"nguyenhieploi2001@gmail.com\\\";s:3:\\\"job\\\";N;s:10:\\\"connection\\\";N;s:5:\\\"queue\\\";N;s:15:\\\"chainConnection\\\";N;s:10:\\\"chainQueue\\\";N;s:19:\\\"chainCatchCallbacks\\\";N;s:5:\\\"delay\\\";O:25:\\\"Illuminate\\\\Support\\\\Carbon\\\":3:{s:4:\\\"date\\\";s:26:\\\"2024-05-02 12:04:25.210845\\\";s:13:\\\"timezone_type\\\";i:3;s:8:\\\"timezone\\\";s:3:\\\"UTC\\\";}s:11:\\\"afterCommit\\\";N;s:10:\\\"middleware\\\";a:0:{}s:7:\\\"chained\\\";a:0:{}}\"}}', 0, NULL, 1714651465, 1714651463),
(2, 'default', '{\"uuid\":\"7addf538-6857-47cc-875f-829f64e9502b\",\"displayName\":\"App\\\\Jobs\\\\SendMail\",\"job\":\"Illuminate\\\\Queue\\\\CallQueuedHandler@call\",\"maxTries\":null,\"maxExceptions\":null,\"failOnTimeout\":false,\"backoff\":null,\"timeout\":null,\"retryUntil\":null,\"data\":{\"commandName\":\"App\\\\Jobs\\\\SendMail\",\"command\":\"O:17:\\\"App\\\\Jobs\\\\SendMail\\\":11:{s:8:\\\"\\u0000*\\u0000email\\\";s:27:\\\"nguyenhieploi2001@gmail.com\\\";s:3:\\\"job\\\";N;s:10:\\\"connection\\\";N;s:5:\\\"queue\\\";N;s:15:\\\"chainConnection\\\";N;s:10:\\\"chainQueue\\\";N;s:19:\\\"chainCatchCallbacks\\\";N;s:5:\\\"delay\\\";O:25:\\\"Illuminate\\\\Support\\\\Carbon\\\":3:{s:4:\\\"date\\\";s:26:\\\"2024-05-02 13:25:42.820834\\\";s:13:\\\"timezone_type\\\";i:3;s:8:\\\"timezone\\\";s:3:\\\"UTC\\\";}s:11:\\\"afterCommit\\\";N;s:10:\\\"middleware\\\";a:0:{}s:7:\\\"chained\\\";a:0:{}}\"}}', 0, NULL, 1714656342, 1714656340);

-- --------------------------------------------------------

--
-- Cấu trúc bảng cho bảng `menus`
--

CREATE TABLE `menus` (
  `id` bigint(20) UNSIGNED NOT NULL,
  `name` varchar(255) COLLATE utf8mb4_unicode_ci NOT NULL,
  `parent_id` int(11) NOT NULL,
  `description` text COLLATE utf8mb4_unicode_ci NOT NULL,
  `content` longtext COLLATE utf8mb4_unicode_ci NOT NULL,
  `slug` varchar(191) COLLATE utf8mb4_unicode_ci NOT NULL,
  `active` int(11) NOT NULL,
  `created_at` timestamp NULL DEFAULT NULL,
  `updated_at` timestamp NULL DEFAULT NULL,
  `deleted_at` timestamp NULL DEFAULT NULL,
  `thumb` varchar(191) COLLATE utf8mb4_unicode_ci DEFAULT NULL
) ENGINE=MyISAM DEFAULT CHARSET=utf8mb4 COLLATE=utf8mb4_unicode_ci;

--
-- Đang đổ dữ liệu cho bảng `menus`
--

INSERT INTO `menus` (`id`, `name`, `parent_id`, `description`, `content`, `slug`, `active`, `created_at`, `updated_at`, `deleted_at`, `thumb`) VALUES
(8, '1', 0, 'fds', '<p>fdsf</p>', '1', 1, '2024-04-26 01:53:52', '2024-04-26 01:54:06', '2024-04-26 01:54:06', NULL),
(4, 'Gạo các loại', 0, 'Tất cả các loại gạo ngon nhất', '<p>Tất cả các loại gạo ngon nhất</p>', 'gao-cac-loai', 1, '2024-04-14 02:09:29', '2024-04-14 02:10:22', NULL, '/upload/2024/04/14/background gạo 2.png'),
(7, 'test', 0, 'rewrwe', '<p>rew</p>', 'test', 1, '2024-04-14 07:17:23', '2024-04-14 07:31:51', '2024-04-14 07:31:51', '/upload/2024/04/14/banner-bg-1.png'),
(5, 'Rau củ quả', 0, 'Rau củ quả', '<p>Rau củ quả</p>', 'rau-cu-qua', 1, '2024-04-14 02:24:21', '2024-04-14 02:24:33', NULL, '/upload/2024/04/14/2.png'),
(6, 'Trái cây', 0, 'Trái cây', '<p>Trái cây</p>', 'trai-cay', 1, '2024-04-14 07:13:26', '2024-04-14 07:13:26', NULL, '/upload/2024/04/14/1.png');

-- --------------------------------------------------------

--
-- Cấu trúc bảng cho bảng `migrations`
--

CREATE TABLE `migrations` (
  `id` int(10) UNSIGNED NOT NULL,
  `migration` varchar(191) COLLATE utf8mb4_unicode_ci NOT NULL,
  `batch` int(11) NOT NULL
) ENGINE=MyISAM DEFAULT CHARSET=utf8mb4 COLLATE=utf8mb4_unicode_ci;

--
-- Đang đổ dữ liệu cho bảng `migrations`
--

INSERT INTO `migrations` (`id`, `migration`, `batch`) VALUES
(1, '2014_10_12_000000_create_users_table', 1),
(2, '2014_10_12_100000_create_password_resets_table', 1),
(3, '2019_08_19_000000_create_failed_jobs_table', 1),
(4, '2019_12_14_000001_create_personal_access_tokens_table', 1),
(5, '2024_01_24_064344_create_menus_table', 1),
(6, '2024_01_24_071204_drop_users_table', 1),
(7, '2024_01_26_074009_add_deleted_at_to_menu_table', 1),
(8, '2024_01_29_072625_create_products_table', 1),
(9, '2024_01_29_074105_update_table_product', 1),
(10, '2024_01_31_085743_add_delete_at_to_product_table', 1),
(11, '2024_01_31_092201_update_price_column_type_product_table', 1),
(12, '2024_01_31_092616_update_price_sale_column_type_product_table', 1),
(13, '2024_01_31_095331_create_sliders_table', 1),
(14, '2024_02_05_084753_add_thumb_table_menus', 1),
(15, '2024_02_20_045021_rename_perent_id_to_parent_id_in_menus_table', 2),
(17, '2024_04_17_092427_create_customers_table', 3),
(18, '2024_04_17_092438_create_carts_table', 4),
(19, '2024_04_25_062603_create_jobs_table', 5);

-- --------------------------------------------------------

--
-- Cấu trúc bảng cho bảng `password_resets`
--

CREATE TABLE `password_resets` (
  `email` varchar(191) COLLATE utf8mb4_unicode_ci NOT NULL,
  `token` varchar(191) COLLATE utf8mb4_unicode_ci NOT NULL,
  `created_at` timestamp NULL DEFAULT NULL
) ENGINE=MyISAM DEFAULT CHARSET=utf8mb4 COLLATE=utf8mb4_unicode_ci;

-- --------------------------------------------------------

--
-- Cấu trúc bảng cho bảng `personal_access_tokens`
--

CREATE TABLE `personal_access_tokens` (
  `id` bigint(20) UNSIGNED NOT NULL,
  `tokenable_type` varchar(191) COLLATE utf8mb4_unicode_ci NOT NULL,
  `tokenable_id` bigint(20) UNSIGNED NOT NULL,
  `name` varchar(191) COLLATE utf8mb4_unicode_ci NOT NULL,
  `token` varchar(64) COLLATE utf8mb4_unicode_ci NOT NULL,
  `abilities` text COLLATE utf8mb4_unicode_ci,
  `last_used_at` timestamp NULL DEFAULT NULL,
  `created_at` timestamp NULL DEFAULT NULL,
  `updated_at` timestamp NULL DEFAULT NULL
) ENGINE=MyISAM DEFAULT CHARSET=utf8mb4 COLLATE=utf8mb4_unicode_ci;

-- --------------------------------------------------------

--
-- Cấu trúc bảng cho bảng `products`
--

CREATE TABLE `products` (
  `id` bigint(20) UNSIGNED NOT NULL,
  `name` varchar(191) COLLATE utf8mb4_unicode_ci NOT NULL,
  `description` text COLLATE utf8mb4_unicode_ci NOT NULL,
  `content` longtext COLLATE utf8mb4_unicode_ci NOT NULL,
  `menu_id` int(11) NOT NULL,
  `price` bigint(20) NOT NULL,
  `price_sale` decimal(8,2) DEFAULT NULL,
  `active` int(11) NOT NULL,
  `created_at` timestamp NULL DEFAULT NULL,
  `updated_at` timestamp NULL DEFAULT NULL,
  `thumb` varchar(191) COLLATE utf8mb4_unicode_ci NOT NULL,
  `deleted_at` timestamp NULL DEFAULT NULL
) ENGINE=MyISAM DEFAULT CHARSET=utf8mb4 COLLATE=utf8mb4_unicode_ci;

--
-- Đang đổ dữ liệu cho bảng `products`
--

INSERT INTO `products` (`id`, `name`, `description`, `content`, `menu_id`, `price`, `price_sale`, `active`, `created_at`, `updated_at`, `thumb`, `deleted_at`) VALUES
(1, 'Cải thìa', 'Cải thìa, còn được gọi là cải chíp, cải muỗng, là một loại rau thuộc họ Cải, có nguồn gốc từ Trung Quốc. Loại rau này được ưa chuộng bởi hương vị thơm ngon, giòn ngọt và hàm lượng dinh dưỡng cao.', '<h2><strong>Cải thìa - Loại rau ngon và bổ dưỡng</strong></h2><p>Cải thìa, còn được gọi là cải chíp, cải muỗng, là một loại rau thuộc họ Cải, có nguồn gốc từ Trung Quốc. Loại rau này được ưa chuộng bởi hương vị thơm ngon, giòn ngọt và hàm lượng dinh dưỡng cao.</p><p><strong>Đặc điểm:</strong></p><ul><li><strong>Thân:</strong> Cải thìa có thân cây ngắn, mập, màu trắng ngà.</li><li><strong>Lá:</strong> Lá cải thìa to bản, hình bầu dục thuôn dài, mép lá lượn sóng, màu xanh đậm bóng.</li><li><strong>Hoa:</strong> Hoa cải thìa màu vàng tươi, mọc thành cụm ở ngọn cây.</li><li><strong>Hạt:</strong> Hạt cải thìa nhỏ, màu nâu đen, hình tròn.</li></ul><p><strong>Lợi ích:</strong></p><ul><li><strong>Giàu dinh dưỡng:</strong> Cải thìa chứa nhiều vitamin (A, C, K), khoáng chất (canxi, kali, magie), chất xơ và các hợp chất chống oxy hóa.</li><li><strong>Tốt cho sức khỏe:</strong><ul><li><strong>Tăng cường hệ miễn dịch:</strong> Vitamin C và A trong cải thìa giúp tăng cường hệ miễn dịch, chống lại các bệnh nhiễm trùng.</li><li><strong>Giảm nguy cơ ung thư:</strong> Chất chống oxy hóa trong cải thìa giúp bảo vệ cơ thể khỏi các gốc tự do, giảm nguy cơ ung thư.</li><li><strong>Tốt cho tim mạch:</strong> Kali trong cải thìa giúp điều hòa huyết áp, giảm nguy cơ mắc các bệnh tim mạch.</li><li><strong>Hỗ trợ tiêu hóa:</strong> Chất xơ trong cải thìa giúp hỗ trợ hệ tiêu hóa, ngăn ngừa táo bón.</li><li><strong>Giúp giảm cân:</strong> Cải thìa là thực phẩm ít calo và giàu chất xơ, giúp bạn cảm thấy no lâu và kiểm soát cân nặng hiệu quả.</li><li><strong>Tốt cho mắt:</strong> Vitamin A trong cải thìa giúp cải thiện thị lực, ngăn ngừa các bệnh về mắt.</li><li><strong>Giảm stress:</strong> Magie trong cải thìa giúp giảm căng thẳng, stress.</li></ul></li><li><strong>Dễ chế biến:</strong> Cải thìa có thể chế biến thành nhiều món ăn ngon như xào, luộc, nấu canh, làm salad,...</li></ul>', 5, 20000, NULL, 1, '2024-02-19 23:29:18', '2024-04-15 01:59:16', '/upload/2024/04/14/1.jpg', NULL),
(2, 'Cái dừa', 'Cái dừa', '<p>Hành lá</p>', 6, 2000, NULL, 1, '2024-02-20 02:08:12', '2024-04-14 07:13:44', '/upload/2024/04/14/0lXX9icmlVnbU9M7H3U7s6Z4v9YNUDYaaum6ToTa.jpg', NULL),
(9, 'Đu đủ', 'Đu đủ', '<p>Đu đủ</p>', 6, 35000, NULL, 1, '2024-04-14 02:01:48', '2024-04-14 07:13:52', '/upload/2024/04/14/6.jpg', NULL),
(10, 'Chuối', 'Chuối', '<p>Chuổi</p>', 6, 12000, NULL, 1, '2024-04-14 02:02:20', '2024-04-14 07:14:10', '/upload/2024/04/14/3.jpg', NULL),
(11, 'Lựu đỏ', 'Lựu đỏ', '<p>Lựu đỏ&nbsp;</p>', 6, 30000, NULL, 1, '2024-04-14 02:02:46', '2024-04-14 07:14:18', '/upload/2024/04/14/2.jpg', NULL),
(12, 'Ớt sừng trâu', 'Ớt sừng trâu nhập khẩu đà lạt', '<p>Ớt sừng trâu nhập khẩu đà lạt</p>', 5, 3000, NULL, 1, '2024-04-14 02:03:39', '2024-04-14 07:14:28', '/upload/2024/04/14/8.jpg', NULL),
(17, 'Gạo Vinh Hiển Đặc sản ST24 túi 2kg', 'Gạo Vinh Hiển Đặc sản ST24 túi 2kg', '<p>Gạo Vinh Hiển Đặc sản ST24 túi 2kg</p><p><br>&nbsp;</p>', 4, 50000, NULL, 1, '2024-04-14 07:27:40', '2024-04-14 07:31:09', '/upload/2024/04/14/gao2.png', NULL),
(18, 'Gạo còn cám Vinh Hiển Khổng Tước Nguyên túi 5kg', 'Là loại gạo còn cám, giàu chất dinh dưỡng, tốt cho sức khoẻ. Gạo còn cám Vinh Hiển Khổng Tước Nguyên túi 5kg được sản xuất từ giống lúa Tiến Vua chọn lọc, cho hạt gạo dài, màu trắng sữa đục. Khi nấu, gạo cho cơm dẻo nhiều, thơm mềm và ngọt. Đặc biệt, cơm vẫn mềm ngon ngay cả khi để nguội.', '<p>Là loại gạo còn cám, giàu chất dinh dưỡng, tốt cho sức khoẻ.&nbsp;Gạo còn cám Vinh Hiển Khổng Tước Nguyên túi 5kg&nbsp;được sản xuất từ giống lúa Tiến Vua chọn lọc, cho hạt gạo dài, màu trắng sữa đục. Khi nấu, gạo cho cơm dẻo nhiều, thơm mềm và ngọt. Đặc biệt, cơm vẫn mềm ngon ngay cả khi để nguội.<br>&nbsp;</p>', 4, 115000, NULL, 1, '2024-04-14 07:28:16', '2024-04-14 07:31:20', '/upload/2024/04/14/gao1png.png', NULL),
(19, 'Gạo Nhật Vua Gạo túi 5kg', 'Hạt gạo dẻo nhiều, cơm mềm. Gạo Nhật shinichi Vua Gạo túi 5kg thích hợp làm cơm cuộn, sushi, ăn ngon miệng. Gạo Vua Gạo có nguồn gốc từ gạo giống Nhật Japonica, mang đến cho bạn cảm giác lạ miệng nhưng ngon cơm. Gạo được trồng quy trình an toàn, khép kín', '<p>Hạt gạo dẻo nhiều, cơm mềm.&nbsp;<a href=\"https://www.bachhoaxanh.com/gao-gao-nep/gao-nhat-vua-gao-shinichi-tui-5kg\">Gạo Nhật shinichi Vua Gạo túi 5kg</a> thích hợp làm cơm cuộn, sushi, ăn ngon miệng. <a href=\"https://www.bachhoaxanh.com/gao-gao-nep-vua-gao\">Gạo Vua Gạo</a> có nguồn gốc từ gạo giống Nhật Japonica, mang đến cho bạn cảm giác lạ miệng nhưng ngon cơm. <a href=\"https://www.bachhoaxanh.com/gao-gao-nep\">Gạo</a> được trồng quy trình an toàn, khép kín<br>&nbsp;</p>', 4, 150000, NULL, 1, '2024-04-14 07:29:39', '2024-04-14 07:29:39', '/upload/2024/04/14/anh gaoi.png', NULL),
(20, 'Hành tây', 'Hành tây', '<p>Hành tây</p>', 5, 13000, NULL, 1, '2024-04-14 07:59:10', '2024-04-14 07:59:10', '/upload/2024/04/14/hanhtay.png', NULL),
(21, 'Cam nhật', 'Cam nhật', '<p>Cam nhật</p>', 6, 17000, NULL, 1, '2024-04-14 07:59:30', '2024-04-14 07:59:30', '/upload/2024/04/14/cam.png', NULL),
(22, 'Khoai lang', 'Khoai lang, hay còn gọi là khoai mỡ, là một loại thực phẩm quen thuộc và được yêu thích trên khắp thế giới. Loại củ này không chỉ có hương vị thơm ngon mà còn mang lại nhiều lợi ích cho sức khỏe.', '<h2><strong>Khoai lang - Món quà ngọt ngào từ thiên nhiên</strong></h2><p>Khoai lang, hay còn gọi là khoai mỡ, là một loại thực phẩm quen thuộc và được yêu thích trên khắp thế giới. Loại củ này không chỉ có hương vị thơm ngon mà còn mang lại nhiều lợi ích cho sức khỏe.</p><p><strong>Đặc điểm:</strong></p><ul><li><strong>Thân:</strong> Khoai lang là cây thân thảo dạng dây leo, sống lâu năm. Thân cây có màu xanh lục, mọc lan dài và có thể leo cao đến vài mét.</li><li><strong>Lá:</strong> Lá khoai lang mọc so le, hình tim hoặc xẻ thùy chân vịt. Lá có màu xanh đậm, mặt trên nhẵn bóng và mặt dưới hơi ráp.</li><li><strong>Hoa:</strong> Hoa khoai lang có hình phễu, màu trắng hoặc tím nhạt. Hoa thường nở vào buổi sáng và tàn vào buổi chiều.</li><li><strong>Củ:</strong> Củ khoai lang là bộ phận được sử dụng phổ biến nhất. Củ có hình dạng thuôn dài hoặc bầu tròn, vỏ nhẵn nhụi và có nhiều màu sắc khác nhau như đỏ, tím, vàng, trắng. Cùi thịt bên trong cũng có nhiều màu sắc đa dạng như trắng, vàng, cam, tím.</li></ul><p><strong>Lợi ích:</strong></p><ul><li><strong>Giàu dinh dưỡng:</strong> Khoai lang là nguồn cung cấp dồi dào vitamin A, vitamin C, kali, mangan, chất xơ và các chất chống oxy hóa.</li><li><strong>Tốt cho sức khỏe:</strong><ul><li><strong>Tăng cường hệ miễn dịch:</strong> Vitamin A và C trong khoai lang giúp tăng cường hệ miễn dịch, chống lại các bệnh nhiễm trùng.</li><li><strong>Giảm nguy cơ ung thư:</strong> Chất chống oxy hóa trong khoai lang giúp bảo vệ cơ thể khỏi các gốc tự do, giảm nguy cơ ung thư.</li><li><strong>Tốt cho tim mạch:</strong> Kali trong khoai lang giúp điều hòa huyết áp, giảm nguy cơ mắc các bệnh tim mạch.</li><li><strong>Tốt cho hệ tiêu hóa:</strong> Chất xơ trong khoai lang giúp hỗ trợ hệ tiêu hóa, ngăn ngừa táo bón.</li><li><strong>Giúp kiểm soát cân nặng:</strong> Khoai lang là thực phẩm ít calo và giàu chất xơ, giúp bạn cảm thấy no lâu và kiểm soát cân nặng hiệu quả.</li></ul></li><li><strong>Dễ chế biến:</strong> Khoai lang có thể chế biến thành nhiều món ăn ngon như nướng, luộc, chiên, hấp, làm bánh, nấu canh,...</li></ul>', 5, 12000, '7000.00', 1, '2024-04-14 08:00:06', '2024-04-15 01:59:33', '/upload/2024/04/14/khoailang.png', NULL);

-- --------------------------------------------------------

--
-- Cấu trúc bảng cho bảng `sliders`
--

CREATE TABLE `sliders` (
  `id` bigint(20) UNSIGNED NOT NULL,
  `name` varchar(255) COLLATE utf8mb4_unicode_ci NOT NULL,
  `url` varchar(191) COLLATE utf8mb4_unicode_ci DEFAULT NULL,
  `thumb` varchar(255) COLLATE utf8mb4_unicode_ci NOT NULL,
  `sort_by` int(11) NOT NULL,
  `active` int(11) NOT NULL,
  `created_at` timestamp NULL DEFAULT NULL,
  `updated_at` timestamp NULL DEFAULT NULL
) ENGINE=MyISAM DEFAULT CHARSET=utf8mb4 COLLATE=utf8mb4_unicode_ci;

--
-- Đang đổ dữ liệu cho bảng `sliders`
--

INSERT INTO `sliders` (`id`, `name`, `url`, `thumb`, `sort_by`, `active`, `created_at`, `updated_at`) VALUES
(4, 'trái cây', 'trai-cay', '/upload/2024/04/14/2-min.png', 1, 1, '2024-04-14 01:43:11', '2024-04-14 01:43:11'),
(5, 'Rau củ quả', 'rau-cu-qua', '/upload/2024/04/14/1-min.png', 1, 1, '2024-04-14 01:43:30', '2024-04-14 01:43:30');

-- --------------------------------------------------------

--
-- Cấu trúc bảng cho bảng `users`
--

CREATE TABLE `users` (
  `id` bigint(20) UNSIGNED NOT NULL,
  `name` varchar(191) COLLATE utf8mb4_unicode_ci NOT NULL,
  `email` varchar(191) COLLATE utf8mb4_unicode_ci NOT NULL,
  `email_verified_at` timestamp NULL DEFAULT NULL,
  `password` varchar(191) COLLATE utf8mb4_unicode_ci NOT NULL,
  `remember_token` varchar(100) COLLATE utf8mb4_unicode_ci DEFAULT NULL,
  `created_at` timestamp NULL DEFAULT NULL,
  `updated_at` timestamp NULL DEFAULT NULL
) ENGINE=MyISAM DEFAULT CHARSET=utf8mb4 COLLATE=utf8mb4_unicode_ci;

--
-- Đang đổ dữ liệu cho bảng `users`
--

INSERT INTO `users` (`id`, `name`, `email`, `email_verified_at`, `password`, `remember_token`, `created_at`, `updated_at`) VALUES
(1, 'Lợi', 'loi.nguyen@hbc.com.vn', NULL, '$2y$10$8hzFYMnwhtSs7T4Fzn4AIuhblGtAFGzgqZNqU8N5W76SptxFTEelq', NULL, NULL, NULL);

--
-- Chỉ mục cho các bảng đã đổ
--

--
-- Chỉ mục cho bảng `carts`
--
ALTER TABLE `carts`
  ADD PRIMARY KEY (`id`),
  ADD KEY `carts_customer_id_foreign` (`customer_id`);

--
-- Chỉ mục cho bảng `customers`
--
ALTER TABLE `customers`
  ADD PRIMARY KEY (`id`);

--
-- Chỉ mục cho bảng `failed_jobs`
--
ALTER TABLE `failed_jobs`
  ADD PRIMARY KEY (`id`),
  ADD UNIQUE KEY `failed_jobs_uuid_unique` (`uuid`);

--
-- Chỉ mục cho bảng `jobs`
--
ALTER TABLE `jobs`
  ADD PRIMARY KEY (`id`),
  ADD KEY `jobs_queue_index` (`queue`);

--
-- Chỉ mục cho bảng `menus`
--
ALTER TABLE `menus`
  ADD PRIMARY KEY (`id`),
  ADD UNIQUE KEY `menus_slug_unique` (`slug`);

--
-- Chỉ mục cho bảng `migrations`
--
ALTER TABLE `migrations`
  ADD PRIMARY KEY (`id`);

--
-- Chỉ mục cho bảng `password_resets`
--
ALTER TABLE `password_resets`
  ADD KEY `password_resets_email_index` (`email`);

--
-- Chỉ mục cho bảng `personal_access_tokens`
--
ALTER TABLE `personal_access_tokens`
  ADD PRIMARY KEY (`id`),
  ADD UNIQUE KEY `personal_access_tokens_token_unique` (`token`),
  ADD KEY `personal_access_tokens_tokenable_type_tokenable_id_index` (`tokenable_type`,`tokenable_id`);

--
-- Chỉ mục cho bảng `products`
--
ALTER TABLE `products`
  ADD PRIMARY KEY (`id`);

--
-- Chỉ mục cho bảng `sliders`
--
ALTER TABLE `sliders`
  ADD PRIMARY KEY (`id`);

--
-- Chỉ mục cho bảng `users`
--
ALTER TABLE `users`
  ADD PRIMARY KEY (`id`),
  ADD UNIQUE KEY `users_email_unique` (`email`);

--
-- AUTO_INCREMENT cho các bảng đã đổ
--

--
-- AUTO_INCREMENT cho bảng `carts`
--
ALTER TABLE `carts`
  MODIFY `id` bigint(20) UNSIGNED NOT NULL AUTO_INCREMENT, AUTO_INCREMENT=22;

--
-- AUTO_INCREMENT cho bảng `customers`
--
ALTER TABLE `customers`
  MODIFY `id` bigint(20) UNSIGNED NOT NULL AUTO_INCREMENT, AUTO_INCREMENT=34;

--
-- AUTO_INCREMENT cho bảng `failed_jobs`
--
ALTER TABLE `failed_jobs`
  MODIFY `id` bigint(20) UNSIGNED NOT NULL AUTO_INCREMENT, AUTO_INCREMENT=11;

--
-- AUTO_INCREMENT cho bảng `jobs`
--
ALTER TABLE `jobs`
  MODIFY `id` bigint(20) UNSIGNED NOT NULL AUTO_INCREMENT, AUTO_INCREMENT=3;

--
-- AUTO_INCREMENT cho bảng `menus`
--
ALTER TABLE `menus`
  MODIFY `id` bigint(20) UNSIGNED NOT NULL AUTO_INCREMENT, AUTO_INCREMENT=9;

--
-- AUTO_INCREMENT cho bảng `migrations`
--
ALTER TABLE `migrations`
  MODIFY `id` int(10) UNSIGNED NOT NULL AUTO_INCREMENT, AUTO_INCREMENT=20;

--
-- AUTO_INCREMENT cho bảng `personal_access_tokens`
--
ALTER TABLE `personal_access_tokens`
  MODIFY `id` bigint(20) UNSIGNED NOT NULL AUTO_INCREMENT;

--
-- AUTO_INCREMENT cho bảng `products`
--
ALTER TABLE `products`
  MODIFY `id` bigint(20) UNSIGNED NOT NULL AUTO_INCREMENT, AUTO_INCREMENT=24;

--
-- AUTO_INCREMENT cho bảng `sliders`
--
ALTER TABLE `sliders`
  MODIFY `id` bigint(20) UNSIGNED NOT NULL AUTO_INCREMENT, AUTO_INCREMENT=6;

--
-- AUTO_INCREMENT cho bảng `users`
--
ALTER TABLE `users`
  MODIFY `id` bigint(20) UNSIGNED NOT NULL AUTO_INCREMENT, AUTO_INCREMENT=2;

--
-- Các ràng buộc cho các bảng đã đổ
--

--
-- Các ràng buộc cho bảng `carts`
--
ALTER TABLE `carts`
  ADD CONSTRAINT `carts_customer_id_foreign` FOREIGN KEY (`customer_id`) REFERENCES `customers` (`id`) ON DELETE CASCADE;
COMMIT;

/*!40101 SET CHARACTER_SET_CLIENT=@OLD_CHARACTER_SET_CLIENT */;
/*!40101 SET CHARACTER_SET_RESULTS=@OLD_CHARACTER_SET_RESULTS */;
/*!40101 SET COLLATION_CONNECTION=@OLD_COLLATION_CONNECTION */;
